,代码,名称,最新价格,涨跌额,涨跌幅,成交量,成交额,振幅,最高,最低,今开,昨收,量比,换手率,市盈率(动态),市净率,总市值,流通市值
0,301073,N君亭,28.64,16.4,133.99,135351,408362640.0,43.06,32.98,27.71,30.25,12.24,-,70.99,44.03,4.77,2306665600,546066221
1,301077,N星华,73.8,12.34,20.08,69848,559103248.0,35.01,95.0,73.48,79.0,61.46,-,46.57,49.04,3.85,4428000000,1107000000
2,300514,友讯达,11.69,1.95,20.02,119938,138953067.0,19.2,11.69,9.82,9.83,9.74,1.47,7.84,247.16,3.96,2338000000,1787541280
3,300830,金现代,16.07,2.68,20.01,598054,915766544.0,15.38,16.07,14.01,14.5,13.39,2.0,31.27,206.02,6.19,6912108750,3073688813
4,688711,宏微科技,105.36,17.56,20.0,47645,469374320.0,21.03,105.36,86.9,88.6,87.8,1.74,23.55,163.23,12.07,10377257670,2131858560
5,688621,阳光诺和,182.52,30.42,20.0,18403,315161984.0,19.53,182.52,152.81,152.81,152.1,1.45,10.67,123.82,20.41,14601600000,3149438634
6,300648,星云股份,68.4,11.4,20.0,143297,941801776.0,19.35,68.4,57.37,58.9,57.0,2.67,15.53,82.47,9.8,10108418486,6311686676
7,300472,新元科技,15.96,2.66,20.0,526410,796658752.0,16.99,15.96,13.7,13.7,13.3,1.79,22.98,59.53,3.55,4255273091,3655964382
8,300366,创意信息,14.88,2.48,20.0,1040118,1409356432.0,19.19,14.88,12.5,12.5,12.4,0.97,25.84,95.17,4.62,7820573112,5990579971
9,300179,四方达,10.09,1.68,19.98,433510,413966048.0,17.6,10.09,8.61,8.61,8.41,1.34,13.16,50.42,5.53,4923334770,3323458750
10,300619,金银河,53.89,7.64,16.52,70269,356923232.0,16.76,54.06,46.31,47.68,46.25,1.37,12.41,283.04,7.98,4024811619,3051298361
11,300390,天华超净,107.35,13.85,14.81,193872,2022607472.0,10.86,108.3,98.15,98.15,93.5,1.03,4.98,100.09,28.17,62572225754,41766524301
12,688626,翔宇医疗,57.9,7.4,14.65,42118,238056258.0,16.46,58.99,50.68,51.5,50.5,2.47,10.88,53.64,5.09,9264000000,2241876420
13,688103,国力股份,62.4,7.78,14.24,22504,128401460.0,20.43,62.66,51.5,54.62,54.62,0.91,11.57,87.22,6.92,5952336000,1213517136
14,300305,裕兴股份,16.07,1.82,12.77,115024,180832149.0,9.19,16.32,15.01,15.18,14.25,1.29,4.95,18.11,2.74,4640260710,3737806776
15,300277,海联讯,10.78,1.22,12.76,304894,327277744.0,17.26,11.4,9.75,9.75,9.56,1.09,9.12,236.09,7.55,3611300000,3605207953
16,300598,诚迈科技,77.19,8.59,12.52,173677,1309253104.0,12.61,79.58,70.93,71.02,68.6,0.92,10.87,-603.6,11.04,12338880859,12337526252
17,688116,天奈科技,150.08,16.2,12.1,28398,415909008.0,12.68,151.43,134.46,136.0,133.88,0.89,1.59,144.41,19.59,34797266049,26871511684
18,300505,川金诺,37.44,4.04,12.1,177956,651042320.0,15.39,38.66,33.52,34.43,33.4,1.32,18.44,66.42,5.26,5171821949,3614065790
19,688388,嘉元科技,142.11,15.31,12.07,52022,726048928.0,12.05,145.28,130.0,130.0,126.8,1.06,3.1,67.17,11.73,32809788360,23810757876
20,300670,大烨智能,10.1,1.08,11.97,248073,248290011.0,16.3,10.58,9.11,9.15,9.02,2.2,11.77,87.44,3.44,3190493838,2128974122
21,300821,东岳硅材,23.95,2.55,11.92,444904,1027946368.0,10.93,24.22,21.88,22.06,21.4,1.08,10.67,38.84,6.69,28740000000,9987150000
22,688133,泰坦科技,234.9,24.91,11.86,6466,147412207.0,14.94,239.96,208.58,208.58,209.99,1.42,3.98,195.97,12.24,17910880704,3818675810
23,688669,聚石化学,43.21,4.56,11.8,57686,240514937.0,16.46,45.03,38.67,39.25,38.65,1.12,28.98,37.42,2.75,4032933362,860250433
24,688611,杭州柯林,50.9,5.37,11.79,10523,51663694.0,12.91,51.33,45.45,46.52,45.53,1.67,8.29,82.8,3.77,2845310000,645911329
25,688768,容知日新,118.8,12.34,11.59,4456,50769713.0,12.91,118.98,105.24,105.24,106.46,0.93,3.99,181.2,11.41,6518020331,1327134402
26,300880,迦南智能,28.9,2.98,11.5,108804,306472304.0,13.93,29.92,26.31,26.97,25.92,1.16,15.54,47.41,6.95,4624924800,2023404600
27,300084,海默科技,7.11,0.72,11.27,741462,523280304.0,15.18,7.43,6.46,6.61,6.39,1.31,22.49,-49.55,2.19,2735684397,2344538007
28,300833,浩洋股份,59.35,6.0,11.25,7536,43888215.0,14.06,60.28,52.78,53.36,53.35,1.94,3.57,73.35,2.85,5004807450,1251216700
29,300679,电连技术,42.81,4.28,11.11,81296,337680816.0,16.84,43.88,37.39,39.0,38.53,1.72,2.62,48.01,4.92,18031572000,13281788030
30,300432,富临精工,40.84,4.0,10.86,254758,1020595488.0,9.45,41.5,38.02,38.55,36.84,0.94,3.51,94.63,13.43,30359731008,29627674784
31,300969,恒帅股份,86.15,8.4,10.8,29773,249383337.0,14.64,88.58,77.2,79.12,77.75,0.94,14.89,56.21,9.41,6892000000,1723000000
32,300286,安科瑞,20.65,1.96,10.49,116872,237970355.0,13.48,21.2,18.68,18.68,18.69,1.77,6.74,23.77,5.23,4435622581,3581597516
33,688617,惠泰医疗,404.0,38.07,10.4,3889,155251012.0,11.08,408.66,368.12,369.98,365.93,2.05,2.71,117.26,16.24,26934680000,5791824800
34,600719,大连热电,4.02,0.37,10.14,258330,102475428.0,9.86,4.02,3.66,3.66,3.65,1.18,6.38,95.44,2.16,1626490392,1626490392
35,600780,通宝能源,4.68,0.43,10.12,228783,105488373.0,8.94,4.68,4.3,4.34,4.25,1.12,2.0,24.83,0.95,5365631808,5365631808
36,600973,宝胜股份,4.9,0.45,10.11,341657,164996876.0,9.21,4.9,4.49,4.49,4.45,1.41,2.73,17.38,1.48,6719694615,6134619989
37,300506,名家汇,7.09,0.65,10.09,225881,157266349.0,12.42,7.3,6.5,6.5,6.44,1.2,4.63,365.82,3.46,4644274552,3459264147
38,600683,京投发展,6.33,0.58,10.09,446212,267261992.0,11.3,6.33,5.68,5.84,5.75,0.78,6.02,14.55,1.47,4689122189,4689122189
39,000420,吉林化纤,4.81,0.44,10.07,489398,229682203.0,6.86,4.81,4.51,4.51,4.37,0.72,2.26,127.91,3.38,10429578041,10424309619
40,601608,中信重工,5.47,0.5,10.06,1465671,781906480.0,8.45,5.47,5.05,5.06,4.97,0.76,3.38,68.26,3.21,23736623533,23736623533
41,600725,云维股份,4.05,0.37,10.05,264171,103991230.0,8.7,4.05,3.73,3.73,3.68,0.84,2.14,313.51,15.35,4991503500,4991503500
42,002135,东南网架,10.18,0.93,10.05,539941,536288784.0,8.97,10.18,9.35,9.39,9.25,0.75,5.61,14.62,2.24,10530214396,9800813141
43,000695,滨海能源,10.18,0.93,10.05,97204,95523427.0,9.95,10.18,9.26,9.58,9.25,1.45,4.38,-64.37,6.59,2261461947,2257123231
44,002817,黄山胶囊,10.4,0.95,10.05,50376,51127255.0,10.58,10.4,9.4,9.46,9.45,2.14,4.13,41.67,2.85,2221872120,1268271732
45,600025,华能水电,8.54,0.78,10.05,1310837,1079560816.0,10.44,8.54,7.73,7.79,7.76,0.92,0.73,28.53,3.19,153720000000,153720000000
46,601199,江南水务,4.6,0.42,10.05,531556,239456830.0,10.29,4.6,4.17,4.19,4.18,4.34,5.68,19.93,1.38,4301967343,4301967343
47,601016,节能风电,7.89,0.72,10.04,5451096,3964607504.0,15.9,7.89,6.75,6.87,7.17,1.01,12.17,33.71,3.88,39552980280,35350684863
48,002453,华软科技,17.22,1.57,10.03,310866,521713040.0,8.63,17.22,15.87,16.18,15.65,0.96,5.44,413.81,7.25,16259420615,9837786000
49,603050,科林电气,18.43,1.68,10.03,105080,189189181.0,9.25,18.43,16.88,16.99,16.75,1.19,6.48,18.89,2.37,2989532143,2989532143
50,600610,中毅达,18.54,1.69,10.03,78554,141250858.0,9.44,18.54,16.95,17.35,16.85,0.68,1.75,806.82,193.82,19861431177,8318438672
51,001217,华尔泰,16.57,1.51,10.03,2173,3599832.0,0.0,16.57,16.57,16.57,15.06,0.21,0.26,15.13,3.19,5499085900,1374812900
52,605162,新中港,12.73,1.16,10.03,165582,208284857.0,11.15,12.73,11.44,11.5,11.57,0.82,20.67,42.78,4.7,5097741230,1019548246
53,000037,深南电A,8.78,0.8,10.03,107875,93552680.0,9.02,8.78,8.06,8.1,7.98,0.88,3.18,1817.06,2.57,5292255593,2975486063
54,002283,天润工业,9.11,0.83,10.02,303384,265433440.0,10.75,9.11,8.22,8.4,8.28,0.85,3.06,16.6,1.96,10345624629,9034830438
55,002487,大金重工,24.04,2.19,10.02,196999,465426048.0,8.42,24.04,22.2,22.44,21.85,0.61,3.61,32.47,5.11,13358162560,13117372463
56,600793,宜宾纸业,14.93,1.36,10.02,118271,169200555.0,11.2,14.93,13.41,13.8,13.57,0.84,6.69,58.0,4.24,2641176750,2641176750
57,600561,江西长运,5.16,0.47,10.02,43954,21914718.0,10.02,5.16,4.69,4.72,4.69,1.74,1.85,67.14,1.33,1467900288,1223250240
58,600110,诺德股份,21.41,1.95,10.02,525865,1104219584.0,7.5,21.41,19.95,19.95,19.46,0.9,3.97,74.24,8.28,29915521047,28329319298
59,300510,金冠股份,7.8,0.71,10.01,476618,361829792.0,9.59,7.92,7.24,7.25,7.09,1.29,5.8,451.81,2.47,6463266116,6413368689
60,600505,西昌电力,8.9,0.81,10.01,484320,426250624.0,8.53,8.9,8.21,8.34,8.09,1.72,13.28,-577.7,2.75,3244650750,3244650750
61,603530,神马电力,19.34,1.76,10.01,40847,78128550.0,9.61,19.34,17.65,17.65,17.58,1.33,10.2,96.33,5.47,8359972744,774460437
62,603131,上海沪工,21.1,1.92,10.01,33946,69768562.0,10.01,21.1,19.18,19.18,19.18,1.2,1.14,64.92,5.2,6709383760,6274439037
63,002140,东华科技,13.19,1.2,10.01,178666,231439158.0,8.67,13.19,12.15,12.18,11.99,0.6,3.35,26.95,2.94,7192657894,7033182022
64,600141,兴发集团,44.85,4.08,10.01,489901,2107563184.0,9.66,44.85,40.91,41.59,40.77,0.72,5.02,21.99,4.79,50182335936,43755551598
65,002837,英维克,31.11,2.83,10.01,65141,197946697.0,9.48,31.11,28.43,28.43,28.28,0.85,2.58,46.87,6.89,10024766938,7866016785
66,603055,台华新材,16.38,1.49,10.01,80886,127729700.0,11.22,16.38,14.71,15.1,14.89,0.53,1.02,26.96,4.45,14083068931,13031432505
67,002335,科华数据,33.42,3.04,10.01,105400,347737824.0,7.37,33.42,31.18,31.9,30.38,0.65,2.66,41.55,4.69,15425582207,13262714300
68,605028,世茂能源,27.05,2.46,10.0,74144,197206503.0,9.48,27.05,24.72,24.72,24.59,0.7,18.54,25.96,4.6,4328000000,1082000000
69,600378,昊华科技,31.12,2.83,10.0,56867,172608797.0,9.01,31.12,28.57,28.57,28.29,1.21,1.59,34.81,4.3,28606426926,11098386284
70,600338,西藏珠峰,35.3,3.21,10.0,434916,1500081440.0,8.1,35.3,32.7,33.27,32.09,0.87,4.76,38.65,12.88,32271618930,32271618930
71,001215,千味央厨,59.17,5.38,10.0,59990,345619744.0,9.61,59.17,54.0,54.6,53.79,0.67,28.19,69.03,5.59,5035611727,1259137600
72,002709,天赐材料,152.12,13.83,10.0,220669,3290706688.0,9.78,152.12,138.59,140.0,138.29,1.24,3.33,92.83,25.12,145312877499,100699414296
73,605358,立昂微,116.16,10.56,10.0,86755,981439776.0,11.97,116.16,103.52,104.0,105.6,1.05,3.07,111.33,22.95,46531372800,32845156270
74,603906,龙蟠科技,50.27,4.57,10.0,92280,449900096.0,9.32,50.27,46.01,46.43,45.7,0.47,1.91,82.87,11.99,24234732265,24234732265
75,601666,平煤股份,12.76,1.16,10.0,1651963,2022402816.0,13.97,12.76,11.14,11.77,11.6,1.31,7.1,14.17,1.96,29969111744,29701509024
76,600071,凤凰光学,16.94,1.54,10.0,5853,9914559.0,0.0,16.94,16.94,16.94,15.4,0.12,0.25,239.97,9.17,4769861680,4022783405
77,002922,伊戈尔,19.25,1.75,10.0,263637,497592240.0,10.06,19.25,17.49,17.51,17.5,0.71,9.52,20.06,3.68,5704168759,5328549592
78,002701,奥瑞金,6.38,0.58,10.0,1016938,640644112.0,10.0,6.38,5.8,5.8,5.8,3.16,4.2,13.23,2.23,15463522123,15449397594
79,002518,科士达,27.17,2.47,10.0,236433,629698576.0,9.6,27.17,24.8,24.8,24.7,1.75,4.18,44.24,5.52,15825041355,15360744636
80,001208,华菱线缆,15.73,1.43,10.0,228154,345548576.0,9.79,15.73,14.33,14.33,14.3,0.96,17.08,63.21,6.38,8406489520,2101622380
81,000937,冀中能源,9.02,0.82,10.0,2108203,1831382608.0,10.0,9.02,8.2,8.2,8.2,0.89,7.25,24.16,1.67,31872592587,26217530575
82,000400,许继电气,21.45,1.95,10.0,548229,1136787328.0,10.36,21.45,19.43,19.51,19.5,0.97,5.44,25.18,2.4,21628620778,21627388068
83,002756,永兴材料,94.08,8.55,10.0,88751,810170736.0,8.86,94.08,86.5,86.97,85.53,0.89,3.35,63.08,8.69,38191790112,24905216045
84,002240,盛新锂能,59.64,5.42,10.0,326243,1908733280.0,8.32,59.64,55.13,56.01,54.22,0.75,4.68,88.72,11.48,51613347916,41531978970
85,603978,深圳新星,30.82,2.8,9.99,67956,205443607.0,8.28,30.82,28.5,28.5,28.02,0.59,4.25,78.4,3.24,4931334838,4931334838
86,603633,徕木股份,12.66,1.15,9.99,148502,185910700.0,9.47,12.66,11.57,11.57,11.51,2.13,5.64,60.63,3.04,3335925192,3335925192
87,600171,上海贝岭,35.78,3.25,9.99,642723,2267987440.0,10.05,35.78,32.51,32.53,32.53,1.03,9.17,32.5,7.06,25504531935,25076847512
88,600956,新天绿能,20.81,1.89,9.99,483494,972289920.0,13.69,20.81,18.22,19.2,18.92,1.06,35.88,25.3,6.34,80116635341,2804147500
89,600821,金开新能,10.02,0.91,9.99,1138060,1057279648.0,15.26,10.02,8.63,8.7,9.11,0.82,11.78,35.15,3.28,15394292160,9676486234
90,002785,万里石,21.15,1.92,9.98,158417,330054672.0,9.88,21.15,19.25,20.0,19.23,2.92,9.73,75.75,6.5,4230000000,3443915116
91,000408,藏格控股,26.77,2.43,9.98,160855,421062656.0,8.34,26.77,24.74,24.74,24.34,0.73,3.4,59.91,6.4,53373477804,12675666208
92,601126,四方股份,18.29,1.66,9.98,440376,785135616.0,8.84,18.29,16.82,16.82,16.63,0.82,5.42,29.68,4.08,14872915880,14872915880
93,000539,粤电力Ａ,5.18,0.47,9.98,1274268,650957344.0,7.01,5.18,4.85,4.85,4.71,1.95,4.99,124.72,1.01,27196471047,13229256789
94,600268,国电南自,10.25,0.93,9.98,499755,502233040.0,6.55,10.25,9.64,9.7,9.32,1.0,7.19,-44.89,3.04,7126468136,7126468136
95,000993,闽东电力,17.86,1.62,9.98,986222,1733793872.0,8.93,17.86,16.41,16.41,16.24,1.38,22.43,61.44,4.14,8179012986,7853891636
96,603088,宁波精达,7.5,0.68,9.97,143179,104423421.0,8.65,7.5,6.91,6.92,6.82,0.72,4.66,33.35,4.68,2304960000,2304960000
97,002312,川发龙蟒,14.23,1.29,9.97,258406,361781024.0,5.64,14.23,13.5,13.5,12.94,0.32,1.95,18.21,3.85,25090283235,18845860861
98,000682,东方电子,6.29,0.57,9.97,436606,267498276.0,9.79,6.29,5.73,5.8,5.72,0.9,3.75,31.93,2.34,8433172874,7320747301
99,600644,乐山电力,8.17,0.74,9.96,604546,491776800.0,4.98,8.17,7.8,8.0,7.43,1.38,11.23,26.25,2.62,4398733384,4398733384
100,000767,晋控电力,4.31,0.39,9.95,1991430,796229760.0,15.82,4.31,3.69,3.94,3.92,1.92,6.84,499.12,1.69,13261620964,12551765054
101,000899,赣能股份,6.3,0.57,9.95,415243,253303161.0,8.73,6.3,5.8,5.81,5.73,1.62,4.26,40.25,1.23,6146769888,6146752154
102,300343,联创股份,20.56,1.86,9.95,1467917,2934452368.0,9.3,20.93,19.19,19.49,18.7,1.08,15.63,251.7,31.05,23778586706,19305865721
103,603159,上海亚虹,20.19,1.82,9.91,107083,212957720.0,11.76,20.21,18.05,18.37,18.37,2.07,7.65,69.49,6.34,2826600000,2826600000
104,300365,恒华科技,14.2,1.28,9.91,314180,434960816.0,12.54,14.42,12.8,12.89,12.92,1.19,9.02,102.48,3.97,8517947660,4944118966
105,688276,百克生物,97.98,8.83,9.9,12489,118445208.0,11.1,99.51,89.61,89.61,89.15,1.89,3.78,146.17,12.21,40450131590,3237734991
106,688179,阿拉丁,81.3,7.31,9.88,15321,121269872.0,10.79,82.07,74.09,74.95,73.99,1.43,6.39,99.37,10.14,8205885420,1948901649
107,002581,未名医药,15.6,1.4,9.86,259509,393340080.0,10.0,15.6,14.18,14.18,14.2,3.01,6.47,37.31,4.56,10291875142,6252342112
108,000425,徐工机械,6.99,0.62,9.73,2685637,1863813040.0,4.71,7.01,6.71,6.71,6.37,2.01,3.43,7.2,1.58,54757342326,54668153407
109,300164,通源石油,5.19,0.46,9.73,747240,375708240.0,15.22,5.38,4.66,4.75,4.73,1.15,16.74,74.11,2.9,2665222200,2316404859
110,300262,巴安水务,4.29,0.38,9.72,375133,158531591.0,15.86,4.55,3.93,3.95,3.91,2.1,8.0,-53.51,1.57,2873300426,2012104329
111,600892,大晟文化,3.53,0.31,9.63,43363,14808825.0,8.07,3.53,3.27,3.27,3.22,1.86,0.8,123.64,7.17,1974908584,1907469162
112,688033,天宜上佳,21.7,1.9,9.6,92229,196542005.0,12.32,22.25,19.81,20.2,19.8,1.4,3.02,86.32,3.96,9737596980,6634095964
113,300430,诚益通,10.19,0.89,9.57,63774,63214656.0,9.35,10.29,9.42,9.42,9.3,1.46,2.48,28.36,1.54,2771770650,2620799819
114,300499,高澜股份,12.6,1.1,9.57,106400,131519777.0,10.0,12.77,11.62,11.64,11.5,0.82,4.45,104.63,4.26,3519291447,3013279265
115,603969,银龙股份,4.37,0.38,9.52,311419,131855959.0,10.28,4.39,3.98,3.99,3.99,0.99,3.7,17.32,1.83,3675170000,3675170000
116,603315,福鞍股份,23.66,2.02,9.33,51907,121464939.0,9.15,23.8,21.82,21.83,21.64,0.9,2.36,91.17,5.16,7264241406,5204038318
117,300204,舒泰神,12.47,1.06,9.29,85315,103389751.0,8.5,12.49,11.52,11.52,11.41,1.19,1.83,-49.62,3.98,5936150764,5824671383
118,603665,康隆达,19.42,1.65,9.29,95338,178527533.0,11.48,19.54,17.5,17.71,17.77,1.24,6.02,75.01,2.85,3073070865,3073070865
119,300693,盛弘股份,36.99,3.14,9.28,174407,638082096.0,13.86,38.31,33.62,33.62,33.85,1.53,12.4,75.85,9.68,7593140486,5204040982
120,300769,德方纳米,485.0,41.05,9.25,24670,1186019280.0,11.19,499.77,450.1,450.1,443.95,1.16,4.53,160.15,19.14,43274940770,26410747750
121,688296,和达科技,47.36,3.99,9.2,7972,37314032.0,11.57,48.02,43.0,43.01,43.37,1.24,3.27,117.38,7.9,5086140058,1156154309
122,300339,润和软件,30.1,2.53,9.18,901566,2650104992.0,7.73,30.23,28.1,28.21,27.57,0.75,11.69,176.7,8.08,23971966314,23221043584
123,688315,诺禾致源,51.88,4.35,9.15,17778,91552101.0,12.29,52.94,47.1,47.5,47.53,1.09,5.33,127.25,12.62,20762376000,1729979741
124,002141,贤丰控股,5.77,0.48,9.07,326947,184046537.0,8.13,5.8,5.37,5.37,5.29,0.97,2.88,370.17,8.32,6546968115,6546968115
125,603396,金辰股份,124.11,10.31,9.06,39553,474726800.0,8.54,125.17,115.45,118.61,113.8,1.06,3.74,134.32,10.35,14396745355,13128273143
126,002472,双环传动,23.49,1.94,9.0,279684,651341504.0,9.28,23.71,21.71,21.72,21.55,1.15,4.26,71.27,4.54,18267976271,15405625905
127,002411,延安必康,14.91,1.23,8.99,837005,1219759744.0,7.97,15.0,13.91,14.12,13.68,0.9,5.46,37.63,2.58,22846353083,22846353083
128,002455,百川股份,15.52,1.28,8.99,475028,720576400.0,8.78,15.65,14.4,14.71,14.24,0.86,10.55,53.89,5.82,8775245673,6986022830
129,000531,穗恒运Ａ,9.0,0.74,8.96,338947,302880496.0,9.56,9.09,8.3,8.3,8.26,2.67,4.95,14.06,1.21,6165745380,6165745380
130,688357,建龙微纳,137.27,11.27,8.94,7602,102340779.0,13.1,139.5,123.0,123.0,126.0,1.2,2.89,38.97,7.63,7936951400,3605671090
131,600243,青海华鼎,5.17,0.42,8.84,206147,104163797.0,8.21,5.2,4.81,4.82,4.75,1.04,4.7,-64.9,2.0,2268854500,2268854500
132,300696,爱乐达,47.2,3.82,8.81,57272,266026405.0,8.69,47.5,43.73,44.98,43.38,1.07,4.01,53.63,7.43,11530822082,6737194754
133,600312,平高电气,10.01,0.81,8.8,726468,711020048.0,11.41,10.12,9.07,9.11,9.2,1.29,5.35,120.9,1.49,13582782303,13582782303
134,603693,江苏新能,27.38,2.2,8.74,381045,937212368.0,18.03,27.49,22.95,23.5,25.18,1.24,6.17,28.18,3.48,16920840000,16920840000
135,601619,嘉泽新能,6.1,0.49,8.73,2031775,1199800608.0,11.41,6.16,5.52,5.7,5.61,1.03,8.86,28.42,3.3,14405488843,13984771843
136,300381,溢多利,10.84,0.87,8.73,155788,165260926.0,9.43,10.95,10.01,10.01,9.97,0.99,3.32,43.95,1.77,5312277196,5080843511
137,300736,百邦科技,11.63,0.93,8.69,18480,21165785.0,11.12,11.81,10.62,10.64,10.7,1.49,1.77,135.44,9.37,1515079177,1214688942
138,600577,精达股份,7.13,0.57,8.69,710282,497641200.0,8.84,7.21,6.63,6.63,6.56,1.15,3.59,25.79,3.51,14120974312,14120974312
139,000803,北清环能,16.2,1.29,8.65,109853,173791514.0,12.88,16.4,14.48,14.61,14.91,1.77,7.44,140.35,3.23,3935212648,2392640402
140,601677,明泰铝业,34.55,2.75,8.65,132493,454670016.0,10.57,34.98,31.62,32.05,31.8,0.88,1.94,13.97,2.51,23582281124,23577233369
141,688636,智明达,141.2,11.2,8.62,4418,61005337.0,9.6,142.48,130.0,130.0,130.0,0.82,4.34,77.7,8.85,7107386720,1436777211
142,300592,华凯创意,19.11,1.51,8.58,18431,34576690.0,7.9,19.18,17.79,17.79,17.6,1.26,1.93,-124.83,2.56,5526146117,1823167096
143,002676,顺威股份,4.43,0.35,8.58,156190,67353176.0,9.07,4.45,4.08,4.08,4.08,0.94,2.17,33.65,2.85,3189600000,3189444215
144,002850,科达利,130.3,10.24,8.53,50413,655545696.0,10.0,132.07,120.07,121.0,120.06,1.3,3.27,69.44,7.29,30349534765,20063243754
145,300215,电科院,10.44,0.82,8.52,208225,214296016.0,8.84,10.57,9.72,9.78,9.62,0.83,3.72,47.45,4.37,7916886764,5848134731
146,300421,力星股份,20.83,1.63,8.49,66826,135356377.0,10.36,21.1,19.11,19.31,19.2,0.93,3.6,41.24,4.31,5158245465,3869214702
147,300480,光力科技,32.47,2.54,8.49,39422,125960049.0,8.92,32.85,30.18,30.41,29.93,1.31,2.48,69.02,9.71,8096193511,5160162370
148,603979,金诚信,21.38,1.67,8.47,83352,173897207.0,8.52,21.43,19.75,19.75,19.71,0.71,1.41,26.68,2.69,12644961138,12644961138
149,688076,诺泰生物,57.55,4.49,8.46,33496,186123671.0,8.29,57.6,53.2,54.06,53.06,1.32,7.75,119.3,7.03,12268727690,2485973135
150,002858,力盛赛车,15.07,1.17,8.42,60826,89804851.0,8.63,15.18,13.98,14.0,13.9,2.29,6.26,173.67,3.31,2410082379,1465308001
151,300556,丝路视觉,21.33,1.65,8.38,50690,105641546.0,7.47,21.44,19.97,20.1,19.68,0.89,5.68,76.07,3.66,2522077906,1902758946
152,605277,新亚电子,26.55,2.04,8.32,22305,58387121.0,10.73,26.88,24.25,24.89,24.51,1.15,6.69,20.32,3.3,3622067820,885708000
153,600298,安琪酵母,50.17,3.84,8.29,345700,1747979168.0,3.17,50.96,49.49,50.96,46.33,4.25,4.19,25.24,6.4,41784633510,41344140910
154,603800,道森股份,17.71,1.35,8.25,45122,77749455.0,12.04,17.88,15.91,16.58,16.36,0.85,2.17,-46.09,4.26,3683680000,3683680000
155,002287,奇正藏药,33.98,2.59,8.25,78582,262579277.0,9.02,34.44,31.61,31.61,31.39,1.12,1.49,9.11,5.47,18021481793,17939739335
156,002096,南岭民爆,8.3,0.63,8.21,73831,60167177.0,10.43,8.44,7.64,7.74,7.67,1.07,1.99,74.76,1.5,3081682100,3078054793
157,688596,正帆科技,21.87,1.66,8.21,39016,83107052.0,8.76,21.88,20.11,20.66,20.21,1.29,2.25,51.78,3.22,5609655000,3790049895
158,300668,杰恩设计,14.5,1.1,8.21,33082,47087794.0,7.99,14.58,13.51,13.78,13.4,1.01,5.9,50.14,3.33,1528300000,813046915
159,002170,芭田股份,6.76,0.51,8.16,588230,389365744.0,8.48,6.88,6.35,6.5,6.25,0.84,8.49,53.36,2.94,5995191359,4686171946
160,300508,维宏股份,47.99,3.62,8.16,33751,159118962.0,9.98,48.73,44.3,45.66,44.37,0.92,7.45,49.44,7.27,4362866880,2173530831
161,300887,谱尼测试,63.82,4.81,8.15,13074,82058597.0,8.66,64.33,59.22,59.22,59.01,0.96,3.82,165.84,4.81,8744652777,2181399510
162,002539,云图控股,16.19,1.22,8.15,575473,908359712.0,8.75,16.3,14.99,15.31,14.97,0.76,8.75,20.26,4.47,16353519000,10653799759
163,603626,科森科技,12.21,0.92,8.15,166715,198998334.0,9.21,12.33,11.29,11.35,11.29,0.79,3.44,10.06,2.3,6813105397,5925434368
164,600379,宝光股份,13.3,1.0,8.13,204032,265503564.0,10.98,13.5,12.15,12.17,12.3,0.94,6.18,101.91,7.61,4391680801,4391680801
165,300672,国科微,121.4,9.1,8.1,45282,538729248.0,8.35,121.88,112.5,114.99,112.3,1.05,2.62,-1069.13,17.49,21865002061,21010989724
166,002927,泰永长征,11.35,0.85,8.1,49993,55632029.0,8.86,11.47,10.54,10.62,10.5,1.78,2.25,27.73,2.91,2535086060,2523766024
167,688233,神工股份,71.21,5.33,8.09,24419,170892526.0,10.58,72.35,65.38,66.8,65.88,1.09,3.0,56.95,8.79,11393600000,5804489744
168,600367,红星发展,17.96,1.34,8.06,177746,311470576.0,11.19,18.21,16.35,16.83,16.62,0.61,6.1,38.81,3.65,5268117000,5229952000
169,600210,紫江企业,8.85,0.66,8.06,576784,491042384.0,10.38,8.94,8.09,8.19,8.19,1.1,3.8,20.33,2.55,13423114998,13423114998
170,300319,麦捷科技,14.5,1.08,8.05,349298,502278336.0,9.09,14.8,13.58,13.66,13.42,0.82,5.3,44.51,3.47,12377820513,9547345345
171,688186,广大特材,53.18,3.96,8.05,42012,221328986.0,9.16,54.5,49.99,50.25,49.22,0.77,4.24,38.02,3.67,11393283200,5268010800
172,605286,同力日升,18.3,1.36,8.03,25516,46021678.0,9.33,18.54,16.96,16.99,16.94,2.67,6.08,24.7,2.22,3074400000,768600000
173,300705,九典制药,25.46,1.88,7.97,43755,109161303.0,9.08,25.85,23.71,23.71,23.58,1.19,3.09,26.48,6.37,5974952800,3605460819
174,002568,百润股份,74.49,5.49,7.96,84776,620665552.0,8.72,74.72,68.7,68.84,69.0,0.98,1.66,75.74,16.83,55851493738,38145745147
175,300477,合纵科技,9.78,0.72,7.95,327745,313987856.0,6.62,9.8,9.2,9.2,9.06,0.86,5.44,114.54,4.62,10588495064,5897379198
176,300610,晨化股份,16.46,1.21,7.93,158007,254260386.0,6.89,16.55,15.5,15.56,15.25,0.73,9.92,20.12,3.57,3503955420,2621914799
177,601208,东材科技,15.93,1.16,7.85,107726,167567867.0,7.65,16.07,14.94,14.94,14.77,0.85,1.34,39.68,4.12,14308104764,12795323274
178,300515,三德科技,11.43,0.83,7.83,31812,35664438.0,8.11,11.52,10.66,10.66,10.6,0.73,1.8,29.4,4.1,2353088385,2019255518
179,002198,嘉应制药,7.58,0.55,7.82,186081,136700188.0,9.67,7.63,6.95,7.03,7.03,1.73,3.67,459.52,5.6,3846924648,3846924648
180,300735,光弘科技,13.11,0.95,7.81,129608,167277635.0,8.8,13.25,12.18,12.18,12.16,1.01,1.73,47.33,2.44,10155282883,9837638582
181,300340,科恒股份,17.25,1.25,7.81,88156,148686232.0,7.19,17.28,16.13,16.21,16.0,0.86,4.88,226.36,5.21,3659496420,3114796620
182,600979,广安爱众,3.73,0.27,7.8,1267956,472636624.0,8.96,3.81,3.5,3.5,3.46,1.58,10.29,21.95,1.14,4596329017,4596329017
183,688029,南微医学,258.11,18.66,7.79,13101,338483232.0,14.78,270.6,235.21,235.21,239.45,1.15,2.98,120.1,12.74,34416387400,11355162285
184,002289,宇顺电子,9.13,0.66,7.79,52996,47936437.0,9.56,9.27,8.46,8.46,8.47,2.31,2.0,-98.32,8.97,2558716582,2414193247
185,002407,多氟多,53.73,3.87,7.76,449228,2353829536.0,7.12,53.8,50.25,50.81,49.86,0.94,7.34,66.84,9.38,41161886157,32906493723
186,000683,远兴能源,9.51,0.68,7.7,1730060,1611893872.0,7.59,9.57,8.9,9.08,8.83,0.84,5.2,13.92,3.06,34934153446,31651390963
187,002953,日丰股份,14.97,1.07,7.7,59736,88586255.0,8.78,15.12,13.9,13.9,13.9,2.66,8.1,22.93,3.35,3643102478,1104475013
188,688609,九联科技,13.31,0.95,7.69,95703,126421732.0,8.09,13.64,12.64,12.7,12.36,0.72,11.26,107.84,5.42,6655000000,1131350000
189,300497,富祥药业,21.74,1.55,7.68,412424,893206128.0,11.29,22.5,20.22,20.52,20.19,0.79,9.26,39.24,3.92,11957105091,9685510927
190,600714,金瑞矿业,11.37,0.81,7.67,69182,77965685.0,8.33,11.5,10.62,10.62,10.56,1.07,2.4,78.45,5.1,3276564224,3276564224
191,000737,南风化工,8.45,0.6,7.64,137609,114406689.0,7.39,8.53,7.95,7.97,7.85,0.8,2.51,235.3,9.02,4637022000,4637022000
192,300487,蓝晓科技,73.39,5.21,7.64,40144,291161376.0,7.26,73.85,68.9,69.23,68.18,1.03,3.13,53.67,8.64,16129960897,9410289933
193,300593,新雷能,52.85,3.75,7.64,50297,260284306.0,9.96,53.8,48.91,48.91,49.1,1.52,2.37,58.54,15.02,13998011664,11200232551
194,600116,三峡水利,11.14,0.79,7.63,539105,589859760.0,10.14,11.3,10.25,10.35,10.35,0.99,3.98,24.66,2.04,21301271951,15081825446
195,300494,盛天网络,14.0,0.99,7.61,80189,110911171.0,7.53,14.18,13.2,13.2,13.01,1.05,4.46,23.99,4.24,3360000000,2515628178
196,300712,永福股份,51.45,3.63,7.59,55335,278201136.0,8.76,51.7,47.51,48.1,47.82,1.12,3.04,365.9,8.97,9369250800,9369250800
197,688083,中望软件,397.0,28.0,7.59,6610,258285124.0,8.91,399.95,367.06,369.0,369.0,1.41,4.69,252.71,9.21,24591711229,5598768724
198,600163,中闽能源,9.5,0.67,7.59,1479585,1376334464.0,11.89,9.71,8.66,8.88,8.83,0.97,12.82,28.66,4.69,18078463359,10964532683
199,600673,东阳光,8.51,0.6,7.59,654419,549102576.0,7.08,8.6,8.04,8.04,7.91,0.69,2.18,153.3,3.63,25648265674,25563611156
200,300827,上能电气,107.1,7.53,7.56,89181,948996208.0,12.05,111.0,99.0,102.14,99.57,1.22,16.54,295.37,16.55,14137251408,5775418908
201,688518,联赢激光,30.19,2.12,7.55,25690,75627074.0,10.79,30.63,27.6,28.71,28.07,0.71,1.03,184.78,6.31,9032848000,7516403847
202,600123,兰花科创,12.84,0.9,7.54,654106,800884544.0,10.8,12.91,11.62,12.29,11.94,0.93,5.73,10.55,1.28,14668416000,14668416000
203,603876,鼎胜新材,41.4,2.9,7.53,76905,313203872.0,8.29,41.79,38.6,38.61,38.5,1.02,1.59,65.84,4.6,20022723117,20022723117
204,002329,皇氏集团,4.57,0.32,7.53,145579,65173653.0,9.88,4.65,4.23,4.23,4.25,1.57,2.73,182.21,1.95,3828014960,2436382749
205,300786,国林科技,31.3,2.19,7.52,43307,134021404.0,9.17,31.79,29.12,30.06,29.11,1.05,8.32,45.88,2.66,3199831677,1628848870
206,000552,靖远煤电,3.87,0.27,7.5,940471,356037632.0,10.28,3.92,3.55,3.6,3.6,1.06,4.12,15.44,1.15,8850577964,8838078684
207,603959,百利科技,16.26,1.13,7.47,65656,105586147.0,8.06,16.43,15.21,15.21,15.13,0.56,1.34,108.46,12.13,7972261610,7972261610
208,002643,万润股份,18.86,1.31,7.46,91062,169661990.0,7.58,18.99,17.66,17.66,17.55,0.96,1.02,28.48,3.26,17146252435,16893929116
209,000510,新金路,6.64,0.46,7.44,339905,221321923.0,8.25,6.71,6.2,6.25,6.18,0.78,6.04,12.49,3.56,4044970167,3739553426
210,603628,清源股份,11.87,0.82,7.42,59472,69556133.0,9.14,12.06,11.05,11.05,11.05,0.77,2.17,45.88,3.33,3250006000,3250006000
211,002178,延华智能,3.62,0.25,7.42,259550,92226691.0,8.31,3.66,3.38,3.38,3.37,0.72,3.65,-174.18,4.62,2577993864,2574748950
212,300171,东富龙,45.01,3.1,7.4,79779,358512128.0,8.57,45.93,42.34,42.91,41.91,1.1,1.86,41.56,7.5,28281450170,19258767490
213,300382,斯莱克,25.12,1.73,7.4,87386,216785040.0,10.0,25.39,23.05,23.78,23.39,0.73,1.55,191.8,13.59,14182127969,14180675405
214,002495,佳隆股份,2.76,0.19,7.39,328723,89374489.0,8.95,2.8,2.57,2.57,2.57,1.61,4.6,70.87,2.13,2582326656,1970460332
215,688668,鼎通科技,38.81,2.67,7.39,4350,16469589.0,8.33,38.9,35.89,36.21,36.14,1.02,2.07,28.85,4.41,3304283400,817066930
216,300608,思特奇,13.56,0.93,7.36,163132,217221806.0,6.65,13.75,12.91,12.94,12.63,0.62,10.0,-239.41,3.34,2846134300,2212353419
217,300531,优博讯,17.4,1.19,7.34,130032,223077703.0,8.64,17.61,16.21,16.27,16.21,0.71,4.28,34.74,3.6,5760229458,5291914705
218,688198,佰仁医疗,256.0,17.5,7.34,3375,85498482.0,8.7,259.67,238.93,238.93,238.5,1.18,1.45,468.33,27.32,24688206848,5949006848
219,300442,普丽盛,41.99,2.87,7.34,6977,28533540.0,7.57,42.16,39.2,39.2,39.12,1.46,0.7,379.98,8.14,4199000000,4165224294
220,600192,长城电工,4.98,0.34,7.33,81715,39812607.0,8.41,5.0,4.61,4.75,4.64,1.46,1.85,-26.36,1.24,2199905040,2199905040
221,300617,安靠智电,61.4,4.19,7.32,21729,129469830.0,7.04,61.55,57.52,59.25,57.21,0.99,3.36,42.97,4.19,10324206520,3974907367
222,688707,振华新材-U,38.85,2.65,7.32,94315,359410080.0,7.73,39.07,36.27,36.8,36.2,1.11,12.83,56.96,6.45,17208017369,2855809304
223,300037,新宙邦,155.0,10.55,7.3,88952,1360137888.0,12.09,158.88,141.42,147.84,144.45,0.95,3.01,72.86,11.48,63672901515,45833581220
224,002583,海能达,5.59,0.38,7.29,608091,336736080.0,9.02,5.72,5.25,5.32,5.21,4.55,5.59,-42.06,1.67,10283218610,6080215167
225,300328,宜安科技,7.95,0.54,7.29,108032,84165772.0,7.56,7.98,7.42,7.42,7.41,0.84,1.59,3784.99,4.28,5488867620,5417257995
226,300587,天铁股份,21.17,1.43,7.24,92966,193185185.0,9.52,21.58,19.7,19.8,19.74,0.79,1.95,42.12,7.29,12260811124,10073427818
227,688408,中信博,167.3,11.3,7.24,12535,205587704.0,10.32,170.8,154.7,157.06,156.0,0.82,1.75,320.12,9.23,22705199804,11993000211
228,603963,大理药业,7.27,0.49,7.23,37065,26500693.0,10.18,7.44,6.75,6.81,6.78,4.18,1.69,-680.8,3.48,1597219000,1597219000
229,002655,共达电声,10.87,0.73,7.2,142441,152250122.0,7.4,10.95,10.2,10.21,10.14,1.07,3.96,39.01,6.52,3913200000,3911617328
230,600773,西藏城投,26.51,1.78,7.2,371417,969605376.0,7.93,26.9,24.94,24.95,24.73,0.97,4.53,194.33,5.97,21729206323,21729206323
231,002341,新纶新材,5.67,0.38,7.18,300489,167957324.0,6.81,5.72,5.36,5.39,5.29,0.67,3.37,-48.46,1.82,6533056737,5055123093
232,300781,因赛集团,20.55,1.37,7.14,21503,43323795.0,7.04,20.67,19.32,19.33,19.18,1.24,6.0,35.59,3.48,2258524035,735907419
233,300681,英搏尔,78.3,5.2,7.11,16887,131992098.0,10.38,80.36,72.77,72.77,73.1,0.74,3.9,177.14,9.82,5919480000,3393130500
234,300007,汉威科技,22.08,1.46,7.08,102913,222660677.0,8.24,22.34,20.64,20.64,20.62,1.14,4.13,25.78,3.15,7162468382,5500678962
235,300582,英飞特,23.9,1.58,7.08,110140,262422753.0,9.41,24.48,22.38,22.55,22.32,1.19,5.35,43.31,5.48,7088340368,4919884955
236,000155,川能动力,28.75,1.9,7.08,840866,2409928528.0,6.74,29.32,27.51,27.51,26.85,0.91,6.62,81.32,9.71,36512500000,36512500000
237,600218,全柴动力,12.56,0.83,7.08,289217,360454400.0,9.12,12.83,11.76,11.84,11.73,1.31,7.84,24.13,1.82,5471134983,4631562800
238,001914,招商积余,15.59,1.03,7.07,138891,215931952.0,8.59,15.82,14.57,14.63,14.56,1.11,2.08,33.32,1.97,16530795075,10395916586
239,002738,中矿资源,56.61,3.73,7.05,146171,816094864.0,7.03,57.2,53.48,54.0,52.88,0.7,4.68,52.76,5.2,18271478528,17693722190
240,301035,润丰股份,49.5,3.26,7.05,10807,51831189.0,7.14,49.5,46.2,46.5,46.24,0.79,1.65,24.88,3.13,13670910000,3241786928
241,603223,恒通股份,35.88,2.36,7.04,28182,99860885.0,7.76,36.1,33.5,33.52,33.52,1.46,1.0,63.46,8.51,10126771200,10126771200
242,300379,东方通,30.59,2.01,7.03,164337,489321616.0,8.57,30.79,28.34,29.0,28.58,0.94,3.84,-879.07,6.91,13928028708,13085061944
243,600395,盘江股份,9.44,0.62,7.03,414678,375554608.0,9.3,9.5,8.68,8.91,8.82,1.17,2.51,16.91,2.28,15623689568,15623689568
244,002931,锋龙股份,13.28,0.87,7.01,22926,29893135.0,8.06,13.4,12.4,12.4,12.41,0.87,1.28,27.09,4.22,2644567593,2372632847
245,605299,舒华体育,19.11,1.25,7.0,39021,73068036.0,7.84,19.3,17.9,18.02,17.86,1.07,7.8,67.96,6.41,7863745890,955500000
246,300162,雷曼光电,8.87,0.58,7.0,90260,78667844.0,7.48,8.93,8.31,8.38,8.29,1.11,3.42,75.99,5.09,3100153966,2343167845
247,603690,至纯科技,48.58,3.15,6.93,95225,455675744.0,7.4,48.86,45.5,45.58,45.43,1.15,3.09,51.42,4.44,15472753027,14950312291
248,600236,桂冠电力,7.56,0.49,6.93,381002,284804272.0,7.92,7.68,7.12,7.21,7.07,1.21,0.48,24.1,3.97,59590776183,59590776183
249,000301,东方盛虹,28.12,1.82,6.92,409411,1127639936.0,7.91,28.39,26.31,26.31,26.3,0.73,2.36,59.24,7.47,135956371912,48698691172
250,300097,智云股份,8.51,0.55,6.91,60906,50872628.0,6.91,8.56,8.01,8.21,7.96,1.75,2.26,-14.17,1.89,2455557683,2297861247
251,300040,九洲集团,11.45,0.74,6.91,855278,977588656.0,7.28,11.88,11.1,11.19,10.71,0.7,18.79,38.97,2.97,6728062044,5212738977
252,002201,九鼎新材,21.82,1.41,6.91,117132,252436163.0,7.69,22.1,20.53,20.73,20.41,0.91,2.52,196.69,10.17,10156216274,10130795886
253,000692,惠天热电,3.88,0.25,6.89,212238,81419742.0,8.82,3.93,3.61,3.65,3.63,0.79,3.98,-37.01,7.94,2067391947,2067371577
254,688185,康希诺-U,338.79,21.79,6.87,18610,619469520.0,7.9,344.94,319.9,320.07,317.0,1.19,2.79,44.73,11.95,83833551282,22636832165
255,688018,乐鑫科技,209.31,13.42,6.85,11897,240609117.0,8.85,210.32,192.99,193.77,195.89,1.04,2.63,82.59,9.78,16768445541,9471898941
256,300181,佐力药业,8.44,0.54,6.84,174927,146334005.0,6.71,8.48,7.95,7.95,7.9,1.02,3.54,29.67,2.84,5136793717,4165270516
257,605020,永和股份,33.77,2.16,6.83,59128,196461132.0,7.34,33.99,31.67,31.7,31.61,0.62,8.87,41.6,4.84,9005445900,2251445900
258,603208,江山欧派,63.41,4.05,6.82,7962,49617693.0,6.4,63.48,59.68,59.89,59.36,1.3,0.76,18.78,3.87,6661910337,6661910337
259,600320,振华重工,4.08,0.26,6.81,563618,224763275.0,8.12,4.14,3.83,3.83,3.82,0.96,1.7,125.29,1.52,21494882284,13553750457
260,600111,北方稀土,44.27,2.82,6.8,1224457,5332105984.0,6.59,44.65,41.92,42.67,41.45,0.7,3.37,39.5,13.2,160835831820,160835831820
261,600088,中视传媒,10.68,0.68,6.8,230192,247743796.0,10.7,11.0,9.93,9.99,10.0,7.66,5.79,-535.6,3.88,4247504352,4247504352
262,600331,宏达股份,4.25,0.27,6.78,876634,368639184.0,6.78,4.29,4.02,4.02,3.98,0.74,4.31,19.37,31.6,8636000000,8636000000
263,000554,泰山石油,5.36,0.34,6.77,361534,188988542.0,11.95,5.52,4.92,5.03,5.02,1.76,9.97,850.35,2.8,2577052195,1943802462
264,300220,金运激光,12.93,0.82,6.77,46460,59349734.0,7.68,13.08,12.15,12.15,12.11,0.96,3.09,-76.48,9.79,1955016000,1946406689
265,600866,星湖科技,4.1,0.26,6.77,138479,56169584.0,6.25,4.14,3.9,3.9,3.84,2.27,1.87,19.93,1.74,3029978581,3029978581
266,000762,西藏矿业,55.39,3.5,6.75,634323,3467161456.0,8.21,56.76,52.5,53.09,51.89,1.15,12.18,339.28,14.01,28848177704,28846863742
267,688599,天合光能,53.56,3.38,6.74,183135,966441744.0,8.97,54.7,50.2,50.7,50.18,0.92,1.51,78.47,7.17,110763492645,65088064423
268,603520,司太立,49.79,3.14,6.73,33490,164345923.0,7.67,50.26,46.68,47.1,46.65,0.75,1.37,39.17,6.08,12192036024,12169991502
269,603688,石英股份,38.9,2.45,6.72,53817,205331777.0,7.24,39.44,36.8,37.08,36.45,0.62,1.52,61.0,6.91,13730608349,13730608349
270,300588,熙菱信息,13.18,0.83,6.72,77980,100764968.0,6.8,13.26,12.42,12.46,12.35,0.56,7.43,246.4,7.31,2150686040,1383306571
271,000633,合金投资,6.2,0.39,6.71,68155,41543576.0,9.12,6.33,5.8,5.81,5.81,1.35,1.77,2610.51,14.44,2387659513,2387645563
272,002112,三变科技,7.64,0.48,6.7,91526,68600260.0,7.12,7.69,7.18,7.21,7.16,1.03,4.6,129.74,3.82,1540224000,1518854103
273,603063,禾望电气,22.29,1.4,6.7,72282,158078149.0,7.8,22.48,20.85,21.03,20.89,0.83,1.67,49.26,3.34,9689623488,9622887228
274,688187,时代电气,50.7,3.18,6.69,88012,440843520.0,9.05,51.6,47.3,47.48,47.52,0.93,5.55,51.64,2.24,71803211438,8035369434
275,688021,奥福环保,45.34,2.84,6.68,7313,32677494.0,9.93,45.77,41.55,42.58,42.5,1.3,1.59,39.3,3.83,3504037699,2083695413
276,000009,中国宝安,19.18,1.2,6.67,816934,1534300256.0,6.67,19.22,18.02,18.35,17.98,0.9,3.2,36.35,6.65,49469323849,48936433614
277,688078,龙软科技,64.0,3.99,6.65,5655,35463247.0,10.85,64.52,58.01,62.41,60.01,1.08,1.66,99.43,8.69,4528000000,2182375936
278,002840,华统股份,11.24,0.7,6.64,159921,178568710.0,9.96,11.5,10.45,10.61,10.54,1.38,3.67,16.71,2.79,5031397539,4902560163
279,688128,中国电研,29.23,1.82,6.64,41674,120541046.0,9.7,29.78,27.12,28.53,27.41,1.26,4.42,37.77,5.07,11823535000,2757301239
280,603535,嘉诚国际,32.79,2.04,6.63,13402,43274253.0,6.31,32.97,31.03,31.86,30.75,0.96,0.89,26.21,2.7,5274618287,4931616000
281,603133,碳元科技,9.65,0.6,6.63,49669,47271768.0,8.51,9.82,9.05,9.05,9.05,1.76,2.37,-2.79,4.31,2018637180,2018637180
282,600281,华阳新材,6.93,0.43,6.62,161593,111313584.0,8.15,7.05,6.52,6.66,6.5,0.64,3.14,-126.47,6.96,3564806033,3564806033
283,002060,粤 水 电,6.45,0.4,6.61,1588500,1001817696.0,10.58,6.57,5.93,6.15,6.05,0.96,13.22,24.39,2.25,7754590274,7752351627
284,002176,江特电机,23.4,1.45,6.61,1383124,3212471984.0,6.06,23.87,22.54,22.8,21.95,0.92,8.11,110.11,22.82,39928018595,39910421140
285,300631,久吾高科,38.9,2.41,6.6,69519,265996894.0,5.45,38.99,37.0,37.0,36.49,1.29,6.54,237.26,5.22,4226083941,4133467904
286,002497,雅化集团,33.1,2.05,6.6,705757,2303402672.0,7.5,33.55,31.22,31.26,31.05,0.98,6.77,57.78,6.71,38149819412,34498419624
287,300458,全志科技,72.5,4.49,6.6,148246,1064951536.0,8.68,74.0,68.1,68.6,68.01,1.37,5.69,49.55,9.76,23997554883,18883181148
288,300035,中科电气,30.52,1.89,6.6,306239,921804752.0,8.87,31.17,28.63,29.1,28.63,0.82,5.8,61.48,8.85,19605004948,16115516161
289,688586,江航装备,27.47,1.7,6.6,30925,83494993.0,7.3,27.68,25.8,25.8,25.77,0.76,1.79,43.27,5.55,11090860508,4748497961
290,600526,菲达环保,6.63,0.41,6.59,246402,161800780.0,7.23,6.69,6.24,6.24,6.22,1.06,4.5,55.93,1.75,3629292975,3629292975
291,603668,天马科技,7.81,0.48,6.55,170163,133008258.0,8.87,7.98,7.33,7.34,7.33,2.59,5.02,27.99,1.86,3407573103,2647923893
292,300496,中科创达,125.19,7.69,6.54,44498,549103664.0,6.74,125.96,118.04,118.08,117.5,1.12,1.39,95.99,11.54,53212245108,40054566915
293,300536,农尚环境,20.52,1.26,6.54,46866,93599650.0,9.03,20.75,19.01,19.18,19.26,0.93,1.97,903.24,9.84,6018272489,4876559183
294,603337,杰克股份,21.5,1.32,6.54,19423,41028427.0,7.93,21.78,20.18,20.18,20.18,1.07,0.44,18.65,3.12,9586173180,9556496730
295,002460,赣锋锂业,162.94,9.97,6.52,303053,4862168576.0,6.46,163.88,154.0,157.32,152.97,1.09,3.53,82.67,12.87,234222808707,140039195401
296,002979,雷赛智能,26.9,1.64,6.49,35320,92684722.0,7.36,27.14,25.28,25.31,25.26,1.41,2.25,30.76,7.25,8113040000,4230517727
297,300405,科隆股份,9.89,0.6,6.46,83833,81817462.0,6.78,10.02,9.39,9.45,9.29,0.73,5.55,132.19,2.88,2200219953,1494638098
298,300691,联合光电,17.33,1.05,6.45,42746,73382577.0,6.33,17.49,16.46,16.63,16.28,1.09,2.34,43.91,3.97,3893871045,3172397705
299,300622,博士眼镜,21.46,1.3,6.45,14676,30908290.0,7.19,21.5,20.05,20.05,20.16,0.97,1.38,41.01,6.21,3696883534,2284133385
300,603067,振华股份,13.05,0.79,6.44,128308,162039170.0,10.93,13.17,11.83,12.26,12.26,1.32,2.98,21.57,3.28,6634830966,5627160000
301,000829,天音控股,16.55,1.0,6.43,553803,901493232.0,7.91,16.89,15.66,15.98,15.55,0.81,5.41,97.55,6.78,16965412249,16943311561
302,002125,湘潭电化,11.42,0.69,6.43,253191,285276400.0,6.52,11.49,10.79,10.82,10.73,0.51,4.27,71.6,3.98,7188681162,6774913059
303,000718,苏宁环球,4.8,0.29,6.43,592891,280900016.0,9.09,4.88,4.47,4.5,4.51,1.06,2.59,11.7,1.61,14566254643,10988075549
304,002145,中核钛白,14.41,0.87,6.43,367238,522183072.0,5.02,14.46,13.78,13.87,13.54,0.82,2.31,22.53,4.62,29593432556,22927266838
305,300866,安克创新,107.07,6.46,6.42,15988,169649889.0,6.84,107.88,101.0,102.14,100.61,0.98,1.06,53.29,7.95,43516161053,16161161646
306,600739,辽宁成大,24.7,1.49,6.42,208898,513623056.0,6.85,25.19,23.6,23.6,23.21,1.68,1.37,14.06,1.51,37783832455,37783832455
307,300994,久祺股份,34.36,2.06,6.38,32713,112334467.0,8.39,35.28,32.57,32.78,32.3,1.26,7.1,39.05,6.48,6674086400,1582468251
308,600758,辽宁能源,4.34,0.26,6.37,362598,152837077.0,7.11,4.36,4.07,4.09,4.08,0.84,2.75,-54.13,1.15,5737555490,5732026330
309,600436,片仔癀,378.2,22.65,6.37,94484,3516140368.0,6.88,383.0,358.55,360.0,355.55,1.92,1.57,102.3,27.01,228174568822,228174568822
310,605186,健麾信息,34.25,2.05,6.37,10336,34791465.0,6.37,34.35,32.3,32.9,32.2,0.79,3.04,44.99,5.57,4658000000,1164500000
311,002088,鲁阳节能,32.65,1.95,6.35,57387,187261562.0,9.02,33.54,30.77,31.1,30.7,0.66,1.79,22.87,5.04,11808986942,10471801785
312,002648,卫星石化,39.03,2.33,6.35,214247,828772096.0,4.41,39.5,37.88,38.25,36.7,0.97,1.25,15.79,4.31,67133451934,66924369786
313,300410,正业科技,11.24,0.67,6.34,84525,93585526.0,7.57,11.42,10.62,10.62,10.57,0.97,2.32,13.12,5.37,4149493977,4095813580
314,688023,安恒信息,353.0,21.0,6.33,6771,237363725.0,8.29,359.53,332.0,332.0,332.0,1.26,1.31,-74.84,17.17,26148148475,18231854842
315,300096,易联众,8.07,0.48,6.32,105242,83450516.0,6.46,8.1,7.61,7.61,7.59,0.8,2.8,-22.14,5.48,3470100000,3038441793
316,600982,宁波能源,4.71,0.28,6.32,675287,314100768.0,7.45,4.77,4.44,4.5,4.43,0.93,9.04,28.3,1.51,5264688274,3518040300
317,000605,渤海股份,5.72,0.34,6.32,63546,35847918.0,7.99,5.79,5.36,5.38,5.38,1.47,1.88,50.5,1.01,2017207192,1928747867
318,600428,中远海特,7.24,0.43,6.31,532275,382724960.0,7.49,7.36,6.85,6.92,6.81,0.6,2.48,53.14,1.62,15541751582,15541751582
319,000626,远大控股,21.06,1.25,6.31,36183,74797180.0,6.36,21.11,19.85,20.01,19.81,0.92,0.78,40.57,3.86,10718286172,9770711184
320,600963,岳阳林纸,7.97,0.47,6.27,562124,439827264.0,8.93,8.15,7.48,7.5,7.5,0.82,3.18,23.19,1.64,14386273279,14103059329
321,300653,正海生物,54.48,3.21,6.26,24687,132238560.0,8.35,55.09,50.81,51.0,51.27,0.97,2.06,40.31,9.37,6537600000,6537600000
322,600860,京城股份,6.46,0.38,6.25,46423,29661215.0,7.73,6.55,6.08,6.08,6.08,1.23,1.44,-1192.83,4.49,3133100000,2080120000
323,300620,光库科技,63.8,3.75,6.24,25426,160963058.0,7.78,64.68,60.01,60.13,60.05,0.91,2.49,60.6,4.73,6979559033,6517951805
324,300489,中飞股份,24.05,1.41,6.23,37797,90127691.0,5.83,24.34,23.02,23.5,22.64,0.98,2.79,102.4,8.31,3273806250,3257031375
325,605111,新洁能,127.48,7.46,6.22,49546,614325024.0,8.48,128.58,118.4,119.98,120.02,3.02,4.88,51.76,13.97,18061366400,12936364448
326,000629,攀钢钒钛,4.79,0.28,6.21,3223187,1504109888.0,11.31,4.87,4.36,4.5,4.51,0.98,3.75,40.55,4.1,41144884308,41143196407
327,300858,科拓生物,27.75,1.62,6.2,13060,35680263.0,6.93,27.95,26.14,26.39,26.13,0.88,2.46,46.22,4.59,4121758699,1473370460
328,002380,科远智慧,14.4,0.84,6.19,48049,67970653.0,8.19,14.66,13.55,13.55,13.56,0.85,3.4,47.38,1.59,3455879746,2037663216
329,603185,上机数控,279.5,16.3,6.19,34237,941162256.0,8.69,283.88,261.0,266.02,263.2,0.9,3.35,45.28,11.72,76933418653,28578180163
330,688778,厦钨新能,112.75,6.57,6.19,38648,432849296.0,7.52,115.34,107.35,108.88,106.18,0.86,7.45,56.52,8.27,28364773104,5848062091
331,002653,海思科,18.39,1.07,6.18,45622,83235905.0,7.27,18.6,17.34,17.5,17.32,3.9,0.96,30.84,6.98,19751709986,8753507040
332,300634,彩讯股份,16.87,0.98,6.17,60051,100373572.0,5.35,16.99,16.14,16.22,15.89,2.73,1.6,60.6,3.77,7490467257,6336772663
333,300614,百川畅银,50.64,2.94,6.16,71763,361035952.0,9.1,52.08,47.74,48.88,47.7,0.97,18.87,53.87,5.64,8124401510,1926308076
334,603667,五洲新春,18.1,1.05,6.16,73476,131166222.0,6.33,18.3,17.22,17.3,17.05,0.69,2.81,32.28,3.04,5388475016,4734933103
335,002502,鼎龙文化,6.38,0.37,6.16,193537,121910575.0,7.65,6.46,6.0,6.05,6.01,0.65,2.32,5788.87,4.45,5869565797,5313983434
336,603889,新澳股份,6.74,0.39,6.14,57196,37961566.0,7.09,6.8,6.35,6.35,6.35,0.81,1.12,9.99,1.33,3449170655,3449170655
337,002132,恒星科技,5.19,0.3,6.13,429480,219644506.0,6.34,5.23,4.92,4.92,4.89,0.62,3.43,31.95,2.3,6521226712,6505903496
338,002006,精功科技,17.5,1.01,6.12,151642,261419999.0,6.85,17.65,16.52,16.8,16.49,0.76,3.33,59.53,7.89,7965300000,7965300000
339,000543,皖能电力,4.51,0.26,6.12,1099668,490976448.0,7.76,4.62,4.29,4.33,4.25,1.59,6.14,50.03,0.74,10223553623,8074685861
340,600641,万业企业,26.9,1.55,6.11,197864,519150896.0,7.18,27.01,25.19,25.53,25.35,0.73,2.07,46.13,3.75,25768327868,25768327868
341,002879,长缆科技,19.32,1.11,6.1,39079,75260773.0,6.75,19.65,18.42,18.42,18.21,0.86,2.92,20.88,2.36,3730839605,2587741492
342,300264,佳创视讯,5.41,0.31,6.08,165106,88010954.0,5.49,5.44,5.16,5.17,5.1,0.84,4.89,-46.68,10.13,2234871000,1826252483
343,603115,海星股份,20.08,1.15,6.08,36597,71707695.0,7.61,20.25,18.81,18.9,18.93,0.63,7.04,24.09,3.59,4176640000,1044160000
344,600187,国中水务,2.62,0.15,6.07,432373,111837131.0,8.1,2.67,2.47,2.48,2.47,1.41,2.61,479.48,1.25,4333310035,4333310035
345,600613,神奇制药,5.59,0.32,6.07,61602,33973137.0,5.88,5.61,5.3,5.33,5.27,1.71,1.29,33.64,1.29,2985460401,2679398677
346,688529,豪森股份,25.55,1.46,6.06,10602,26543917.0,6.48,25.65,24.09,24.09,24.09,0.97,3.49,78.3,3.13,3270400000,776720000
347,600582,天地科技,5.25,0.3,6.06,520347,270994560.0,5.45,5.28,5.01,5.01,4.95,1.02,1.26,13.19,1.19,21727591683,21727591683
348,300191,潜能恒信,25.73,1.47,6.06,195088,493415312.0,7.87,26.17,24.26,25.05,24.26,1.47,9.42,274.39,6.8,8233600000,5326624600
349,603727,博迈科,28.02,1.6,6.06,91581,255174857.0,9.54,28.49,25.97,26.68,26.42,0.87,3.91,27.66,2.45,8033943043,6562607687
350,603655,朗博科技,31.7,1.81,6.06,28944,89315439.0,10.77,32.0,28.78,28.78,29.89,0.66,2.73,120.33,6.43,3360200000,3360200000
351,000600,建投能源,5.78,0.33,6.06,655605,376007088.0,7.52,5.9,5.49,5.5,5.45,1.29,6.01,36.77,0.87,10355600453,6300455048
352,601566,九牧王,15.6,0.89,6.05,28141,43219248.0,8.5,15.8,14.55,14.61,14.71,3.03,0.49,36.61,2.23,8964339540,8964339540
353,300103,达刚控股,10.53,0.6,6.04,40877,42251102.0,7.85,10.58,9.8,9.95,9.93,1.8,1.68,95.45,3.11,3344338530,2562555886
354,300444,双杰电气,7.04,0.4,6.02,554611,385481600.0,6.63,7.15,6.71,6.76,6.64,1.06,10.73,223.26,3.45,5105798896,3639551858
355,603699,纽威股份,11.1,0.63,6.02,49384,53945353.0,6.59,11.18,10.49,10.5,10.47,1.41,0.66,19.76,3.03,8325000000,8325000000
356,000859,国风塑业,6.17,0.35,6.01,229374,140977749.0,4.98,6.3,6.01,6.04,5.82,0.87,2.73,16.54,2.14,5528173592,5183304762
357,002675,东诚药业,14.46,0.82,6.01,91468,130524845.0,6.82,14.6,13.67,13.68,13.64,0.78,1.25,37.43,2.63,11600019154,10623098648
358,688310,迈得医疗,41.98,2.38,6.01,14918,61879514.0,13.18,43.9,38.68,43.9,39.6,2.08,4.02,73.98,4.88,3509528000,1557059190
359,300789,唐源电气,28.94,1.64,6.01,35557,101341216.0,8.28,29.36,27.1,27.63,27.3,0.78,11.54,48.71,3.15,2395333876,891755597
360,000911,南宁糖业,11.13,0.63,6.0,92356,100965971.0,6.19,11.19,10.54,10.54,10.5,0.91,2.85,355.53,28.42,3607020829,3607020829
361,000422,湖北宜化,19.08,1.08,6.0,1008577,1870820928.0,11.56,19.6,17.52,18.01,18.0,1.24,11.23,11.81,16.17,17131296865,17130271735
362,300624,万兴科技,50.98,2.88,5.99,29519,148453324.0,6.38,51.45,48.38,48.39,48.1,0.94,2.67,70.06,7.87,6624700099,5642116167
363,300360,炬华科技,8.32,0.47,5.99,86443,70853572.0,7.77,8.46,7.85,7.85,7.85,1.18,1.98,16.44,1.71,4196500888,3627042698
364,002862,实丰文化,15.58,0.88,5.99,26037,39866376.0,7.48,15.8,14.7,14.71,14.7,0.83,3.12,220.02,3.54,1869600000,1299793953
365,300488,恒锋工具,39.53,2.23,5.98,138566,551202624.0,8.55,41.5,38.31,38.31,37.3,0.88,10.14,51.82,5.89,6549301978,5403617507
366,300201,海伦哲,3.9,0.22,5.98,318948,121012598.0,8.15,3.91,3.61,3.61,3.68,0.93,3.37,84.94,3.46,4059593920,3689198943
367,688508,芯朋微,127.8,7.2,5.97,11928,150048141.0,8.28,130.0,120.01,122.38,120.6,1.24,1.77,102.56,10.71,14415840000,8605924200
368,000881,中广核技,10.12,0.57,5.97,169071,167139090.0,8.38,10.28,9.48,9.54,9.55,0.86,2.19,36.97,1.58,9567709248,7804418603
369,600965,福成股份,6.4,0.36,5.96,85961,54197358.0,7.62,6.48,6.02,6.07,6.04,1.63,1.05,26.45,2.55,5239686112,5239686112
370,688383,新益昌,141.0,7.92,5.95,7699,107945617.0,8.64,144.0,132.5,132.5,133.08,0.96,3.29,72.4,12.89,14400837600,3297938676
371,000938,紫光股份,24.94,1.4,5.95,346506,860559936.0,7.39,25.39,23.65,23.65,23.54,1.44,1.21,38.5,2.48,71330392058,71330392058
372,002258,利尔化学,28.0,1.57,5.94,147379,407519696.0,6.55,28.29,26.56,26.56,26.43,0.93,2.81,14.6,3.52,14749475552,14677128732
373,002121,科陆电子,5.89,0.33,5.94,157942,91772615.0,9.89,6.11,5.56,5.56,5.56,0.9,1.6,-26.56,6.5,8295176476,5824472908
374,002173,创新医疗,6.61,0.37,5.93,25538,16612260.0,5.93,6.62,6.25,6.25,6.24,1.0,0.69,-68.38,1.45,2998359654,2453862477
375,300537,广信材料,15.2,0.85,5.92,52508,78601123.0,5.37,15.27,14.5,14.7,14.35,0.93,3.95,-384.62,2.67,2934019277,2020913446
376,300713,英可瑞,17.37,0.97,5.91,28947,49760012.0,5.24,17.44,16.58,16.58,16.4,1.03,3.2,143.56,3.76,2740660313,1571771384
377,601158,重庆水务,6.09,0.34,5.91,312452,188082454.0,7.3,6.17,5.75,5.75,5.75,1.91,0.65,13.86,1.88,29232000000,29232000000
378,600850,电科数字,29.23,1.63,5.91,68252,196019395.0,6.49,29.34,27.55,27.6,27.6,1.02,1.6,37.57,4.49,12476890624,12476890624
379,300528,幸福蓝海,6.1,0.34,5.9,96082,57330724.0,7.47,6.15,5.72,5.76,5.76,1.51,2.58,-30.74,3.2,2272909129,2272909129
380,603168,莎普爱思,9.54,0.53,5.88,30737,28796370.0,6.22,9.57,9.01,9.01,9.01,0.94,0.95,57.09,2.31,3077532440,3077532440
381,600784,鲁银投资,5.4,0.3,5.88,68897,36650672.0,6.67,5.46,5.12,5.12,5.1,0.8,1.21,25.86,1.77,3068160368,3068160368
382,605580,恒盛能源,17.31,0.96,5.87,137169,234501719.0,12.42,17.9,15.87,15.95,16.35,0.92,27.43,26.76,4.4,3462000000,865500000
383,600193,创兴资源,8.13,0.45,5.86,68674,55140197.0,7.29,8.16,7.6,7.84,7.68,1.33,1.61,112.83,11.25,3458282490,3458282490
384,002272,川润股份,7.05,0.39,5.86,264044,182430608.0,7.51,7.11,6.61,6.68,6.66,0.83,8.0,36.99,2.14,3077184000,2326669644
385,002218,拓日新能,7.97,0.44,5.84,684314,538752560.0,8.1,8.14,7.53,7.66,7.53,0.74,5.63,36.21,2.66,11261773776,9689286838
386,600875,东方电气,18.3,1.01,5.84,696589,1253553392.0,7.87,18.64,17.28,17.4,17.29,0.75,3.49,21.17,1.83,57080465679,36543276734
387,002291,星期六,22.47,1.24,5.84,183029,399239904.0,10.13,22.55,20.4,21.22,21.23,0.89,2.98,-141.28,5.09,16713265162,13811632181
388,002256,兆新股份,4.36,0.24,5.83,1101331,471983664.0,5.83,4.39,4.15,4.17,4.12,0.97,7.92,-56.88,5.13,8207315762,6065616291
389,000655,金岭矿业,9.27,0.51,5.82,155234,142271887.0,4.68,9.34,8.93,8.93,8.76,0.52,2.61,10.75,1.84,5518803932,5518803932
390,600470,六国化工,8.18,0.45,5.82,660850,532662224.0,5.17,8.23,7.83,7.87,7.73,0.77,12.67,14.0,2.79,4266688000,4266688000
391,603869,新智认知,10.73,0.59,5.82,52547,55673630.0,5.82,10.79,10.2,10.2,10.14,1.17,1.04,32.64,1.34,5413290451,5413290451
392,000811,冰轮环境,10.37,0.57,5.82,197352,200597003.0,7.86,10.53,9.76,9.88,9.8,0.85,2.65,29.54,1.72,7734338027,7734167845
393,002466,天齐锂业,101.58,5.58,5.81,813425,8198438912.0,7.79,104.58,97.1,98.0,96.0,1.19,5.52,874.41,30.02,150043755325,149704768034
394,002469,三维化学,6.01,0.33,5.81,121182,71706183.0,6.87,6.09,5.7,5.7,5.68,0.67,2.34,15.67,1.75,3899664406,3115419717
395,002876,三利谱,55.02,3.02,5.81,50218,271067136.0,8.06,55.8,51.61,52.03,52.0,0.99,3.5,25.67,4.87,9567148959,7889346135
396,002490,山东墨龙,4.92,0.27,5.81,147701,71369815.0,6.45,4.94,4.64,4.64,4.65,0.77,2.73,-28.76,2.29,3925414128,2664748260
397,601882,海天精工,23.51,1.29,5.81,50941,118315112.0,5.54,23.65,22.42,22.96,22.22,0.8,0.98,38.64,8.56,12272220000,12272220000
398,000792,盐湖股份,29.93,1.64,5.8,1040885,3060464992.0,5.44,30.05,28.51,28.69,28.29,0.92,1.92,38.45,26.0,162605998793,162486862877
399,300077,国民技术,28.11,1.54,5.8,259693,722474848.0,5.98,28.38,26.79,26.9,26.57,0.78,4.76,193.06,12.25,16659785040,15321325282
400,688037,芯源微,244.1,13.37,5.79,11648,282482928.0,10.72,251.58,226.85,235.61,230.73,0.83,2.67,292.34,24.69,20504400000,10643919475
401,002812,恩捷股份,280.12,15.32,5.79,75618,2098743184.0,8.22,284.77,263.0,267.42,264.8,1.16,0.88,119.02,20.74,249980646588,241231567589
402,600426,华鲁恒升,32.93,1.8,5.78,332192,1073705648.0,7.1,33.41,31.2,31.22,31.13,0.86,1.57,9.15,3.7,69545350050,69455020689
403,600691,阳煤化工,6.04,0.33,5.78,1016696,604514512.0,8.23,6.15,5.68,5.78,5.71,0.7,5.79,21.38,2.44,14350930990,10608601072
404,601699,潞安环能,15.01,0.82,5.78,719237,1047365984.0,7.05,15.08,14.08,14.19,14.19,0.91,2.4,6.75,1.48,44901052092,44901052092
405,002843,泰嘉股份,9.0,0.49,5.76,23443,20747563.0,7.05,9.07,8.47,8.47,8.51,0.82,1.12,31.56,3.52,1890000000,1889969625
406,603988,中电电机,19.88,1.08,5.74,222170,413336768.0,16.54,20.65,17.54,18.0,18.8,1.02,9.45,47.36,7.78,4675776000,4675776000
407,600149,廊坊发展,4.97,0.27,5.74,52888,25896136.0,6.38,5.0,4.7,4.77,4.7,1.12,1.39,-164.61,11.61,1889395200,1889395200
408,300742,越博动力,28.35,1.54,5.74,19091,53735230.0,6.12,28.59,26.95,27.1,26.81,0.67,4.41,41.83,5.78,2225434460,1228466906
409,301069,C凯盛,32.99,1.79,5.74,137619,441948704.0,17.56,34.99,29.51,31.8,31.2,0.52,24.43,73.07,11.8,13876913600,1858480169
410,000526,学大教育,21.2,1.15,5.74,43837,92554092.0,6.88,21.53,20.15,20.15,20.05,1.1,3.92,11.27,2.33,2496569431,2369468477
411,600097,开创国际,11.45,0.62,5.72,38466,43766544.0,7.2,11.6,10.82,10.82,10.83,1.03,1.6,9.2,1.4,2758723601,2758723601
412,002594,比亚迪,249.51,13.51,5.72,225038,5528259584.0,5.3,249.7,237.2,238.2,236.0,1.26,1.95,304.15,8.79,713883753751,288198580215
413,300412,迦南科技,9.24,0.5,5.72,59902,54206098.0,5.38,9.27,8.8,8.81,8.74,0.59,2.69,31.59,2.85,2376758076,2055581165
414,300296,利亚德,10.36,0.56,5.71,1018164,1050324096.0,8.06,10.63,9.84,9.84,9.8,1.06,5.21,46.27,3.58,26344459312,20244450556
415,002705,新宝股份,18.37,0.99,5.7,89854,163237914.0,5.7,18.45,17.46,17.46,17.38,1.37,1.09,24.16,2.59,15186989319,15111241175
416,002919,名臣健康,45.49,2.45,5.69,7389,32849442.0,5.76,45.5,43.02,43.04,43.04,0.81,1.09,28.09,7.68,5555955040,3086843134
417,603366,日出东方,4.83,0.26,5.69,122559,58562013.0,7.66,4.9,4.55,4.55,4.57,1.59,1.53,55.49,1.18,3864000000,3864000000
418,002280,联络互动,5.76,0.31,5.69,482443,274941872.0,6.24,5.81,5.47,5.48,5.45,1.36,2.73,38.7,6.1,12540382128,10189368248
419,603220,中贝通信,15.06,0.81,5.68,97227,145125972.0,7.58,15.35,14.27,14.45,14.25,1.27,5.34,41.44,3.14,5086665600,2739521212
420,603637,镇海股份,7.44,0.4,5.68,26092,19132745.0,5.82,7.48,7.07,7.12,7.04,0.8,1.07,26.38,2.35,1813143126,1812967095
421,688026,洁特生物,68.47,3.68,5.68,5164,34547599.0,6.48,68.99,64.79,65.0,64.79,1.03,1.08,36.86,7.76,6847000000,3269099260
422,603444,吉比特,391.28,20.97,5.66,11020,423457472.0,5.68,391.68,370.63,370.63,370.31,0.99,1.53,15.61,7.15,28119161907,28119161907
423,600293,三峡新材,3.55,0.19,5.65,308162,107216239.0,7.14,3.59,3.35,3.36,3.36,0.83,2.66,-19.34,2.36,4118514913,4118514913
424,300682,朗新科技,25.82,1.38,5.65,95427,244940416.0,7.36,26.18,24.38,24.65,24.44,0.59,1.33,112.41,5.06,26607302201,18499242981
425,002483,润邦股份,5.99,0.32,5.64,205326,120486898.0,5.47,6.01,5.7,5.75,5.67,0.44,2.38,13.8,1.37,5644309523,5171407702
426,300790,宇瞳光学,35.95,1.92,5.64,36339,131027507.0,10.84,36.99,33.3,33.3,34.03,1.7,3.36,28.59,5.22,7877333227,3883254182
427,603078,江化微,22.52,1.2,5.63,29231,64878207.0,4.83,22.62,21.59,21.93,21.32,0.69,1.49,144.43,3.96,4413294867,4413294867
428,002192,融捷股份,133.0,7.08,5.62,93988,1244819248.0,6.11,135.2,127.5,130.34,125.92,0.86,3.63,1362.0,59.34,34534141999,34462990324
429,603949,雪龙集团,20.67,1.1,5.62,44889,92378623.0,7.26,20.99,19.57,19.9,19.57,1.15,8.56,27.0,4.43,4336692087,1084306860
430,600202,哈空调,5.08,0.27,5.61,132594,66431404.0,7.07,5.14,4.8,4.84,4.81,0.97,3.46,15.11,2.52,1947370614,1947370614
431,002694,顾地科技,3.2,0.17,5.61,72160,22642691.0,4.95,3.2,3.05,3.05,3.03,0.35,1.36,-19.96,2.77,1911029760,1695904035
432,600117,西宁特钢,4.33,0.23,5.61,161689,69033090.0,5.85,4.37,4.13,4.14,4.1,0.79,1.55,-23.41,3.33,4525362031,4525362031
433,300150,世纪瑞尔,4.52,0.24,5.61,83320,37072705.0,6.07,4.55,4.29,4.3,4.28,1.01,1.63,-129.48,1.4,2644679360,2308229462
434,002597,金禾实业,39.37,2.09,5.61,148529,573274256.0,7.75,39.7,36.81,36.9,37.28,0.77,2.65,25.13,4.43,22082960007,22026780316
435,600114,东睦股份,8.5,0.45,5.59,107102,89591745.0,5.59,8.51,8.06,8.06,8.05,1.05,1.74,43.19,2.0,5239259555,5239259555
436,600257,大湖股份,7.18,0.38,5.59,498807,356561136.0,7.65,7.32,6.8,6.84,6.8,0.78,10.37,221.78,2.98,3455283010,3455283010
437,600791,京能置业,3.78,0.2,5.59,67377,25164134.0,6.98,3.81,3.56,3.56,3.58,0.99,1.49,201.91,1.09,1711886400,1709745771
438,000798,中水渔业,7.39,0.39,5.57,59616,43512274.0,5.71,7.43,7.03,7.03,7.0,1.06,1.87,267.14,3.85,2360772450,2360495325
439,000998,隆平高科,21.43,1.13,5.57,306220,648535776.0,6.5,21.52,20.2,20.75,20.3,1.0,2.88,-247.09,5.01,28222673486,22755914324
440,601595,上海电影,11.19,0.59,5.57,96617,105791317.0,6.32,11.22,10.55,10.65,10.6,2.85,2.16,75.22,2.61,5015358000,5015358000
441,300549,优德精密,17.1,0.9,5.56,15966,26925298.0,5.99,17.2,16.23,16.23,16.2,1.11,1.6,54.88,4.31,2280114000,1702604250
442,002505,鹏都农牧,2.47,0.13,5.56,1107688,265920933.0,8.12,2.49,2.3,2.32,2.34,1.83,2.02,101.29,2.65,15744424887,13548869334
443,003032,传智教育,21.11,1.11,5.55,32425,67465940.0,6.75,21.35,20.0,20.0,20.0,0.86,8.06,162.58,7.31,8495666725,849566673
444,300695,兆丰股份,51.78,2.72,5.54,3459,17773274.0,6.69,52.45,49.17,49.23,49.06,1.47,0.52,30.87,1.83,3452571306,3452571306
445,600399,抚顺特钢,21.74,1.14,5.53,250942,538295040.0,6.46,21.93,20.6,20.6,20.6,0.86,1.27,49.71,7.85,42873454000,42873454000
446,600444,国机通用,11.66,0.61,5.52,26160,30114178.0,4.98,11.73,11.18,11.18,11.05,0.76,1.79,31.71,2.67,1707279727,1707279727
447,300014,亿纬锂能,99.03,5.18,5.52,376907,3678650560.0,6.21,99.35,93.52,94.11,93.85,1.29,2.05,62.85,11.53,187883226217,181951746233
448,300409,道氏技术,24.7,1.29,5.51,147941,361989808.0,4.87,24.88,23.74,23.75,23.41,0.62,3.39,27.22,3.63,14283693371,10775813697
449,002361,神剑股份,5.17,0.27,5.51,224261,113423342.0,6.12,5.18,4.88,4.98,4.9,1.02,3.35,29.08,2.43,4330258180,3456556692
450,002795,永和智控,11.3,0.59,5.51,23723,26303735.0,5.32,11.35,10.78,10.84,10.71,0.71,1.68,44.28,3.35,2260000000,1599227562
451,600333,长春燃气,6.53,0.34,5.49,386658,246214605.0,9.37,6.68,6.1,6.11,6.19,0.95,6.35,-31.81,1.95,3976970367,3976970367
452,300228,富瑞特装,7.89,0.41,5.48,257455,200294584.0,4.81,7.94,7.58,7.6,7.48,0.85,4.74,71.24,2.33,4539956094,4283385129
453,002479,富春环保,6.74,0.35,5.48,321524,214424435.0,5.95,6.78,6.4,6.44,6.39,1.19,3.73,12.5,1.49,5830100000,5805204806
454,000791,甘肃电投,6.56,0.34,5.47,886732,567498976.0,9.97,6.7,6.08,6.28,6.22,0.71,6.52,30.31,1.33,8918823021,8918650821
455,603101,汇嘉时代,5.79,0.3,5.46,30702,17523369.0,6.56,5.84,5.48,5.49,5.49,1.56,0.65,22.56,1.87,2723616000,2723616000
456,002780,三夫户外,16.6,0.86,5.46,24338,39979601.0,5.02,16.66,15.87,16.02,15.74,0.95,2.2,814.08,4.57,2413119474,1834664851
457,601339,百隆东方,5.41,0.28,5.46,161286,85829504.0,6.04,5.44,5.13,5.18,5.13,1.24,1.08,7.37,0.98,8115000000,8115000000
458,603968,醋化股份,16.87,0.87,5.44,52744,87829432.0,6.5,17.07,16.03,16.37,16.0,0.65,2.58,21.38,2.02,3449577600,3449577600
459,002576,通达动力,16.1,0.83,5.44,133382,211846085.0,10.35,16.35,14.77,14.77,15.27,0.91,8.11,21.18,2.6,2658110000,2647085589
460,688559,海目星,57.04,2.94,5.43,16931,95197110.0,7.17,57.88,54.0,55.67,54.1,0.84,1.32,175.29,8.07,11408000000,7305395148
461,688556,高测股份,49.0,2.52,5.42,33467,161165586.0,9.96,50.35,45.72,46.0,46.48,1.19,3.03,54.29,7.59,7930718600,5411109347
462,300829,金丹科技,46.13,2.37,5.42,13413,60778060.0,4.75,46.18,44.1,44.1,43.76,0.84,1.35,59.25,6.18,8333594253,4581896709
463,300345,华民股份,5.07,0.26,5.41,58795,29550382.0,6.24,5.12,4.82,4.82,4.81,0.82,1.33,188.2,4.43,2237368099,2237368099
464,300374,中铁装配,13.07,0.67,5.4,26693,34499425.0,6.13,13.16,12.4,12.4,12.4,0.64,1.41,-12.27,2.29,3214074245,2473379530
465,300068,南都电源,11.9,0.61,5.4,248081,291503600.0,7.44,12.15,11.31,11.31,11.29,1.1,3.0,137.08,1.68,10199477767,9835735560
466,600796,钱江生化,6.05,0.31,5.4,63682,38351565.0,4.36,6.13,5.88,5.89,5.74,0.77,2.11,132.58,3.0,1823482971,1823482971
467,600596,新安股份,31.49,1.61,5.39,494459,1552410336.0,6.86,32.25,30.2,30.83,29.88,0.75,6.73,15.3,3.6,25771113255,23151145255
468,300229,拓尔思,9.79,0.5,5.38,144911,139777437.0,4.74,9.82,9.38,9.4,9.29,0.72,2.04,63.85,3.2,6997436540,6938200109
469,300031,宝通科技,19.05,0.97,5.37,173457,328357280.0,5.86,19.36,18.3,18.45,18.08,0.78,5.34,15.18,2.46,7558489169,6182247103
470,002693,双成药业,4.72,0.24,5.36,65817,30791256.0,6.03,4.77,4.5,4.5,4.48,1.03,1.63,162.14,3.87,1944640000,1904127395
471,002326,永太科技,53.12,2.7,5.36,511174,2653060016.0,11.94,54.52,48.5,50.36,50.42,0.99,7.58,244.3,13.53,46563201590,35805561179
472,300503,昊志机电,14.96,0.76,5.35,129714,193643544.0,4.37,15.15,14.53,14.53,14.2,0.59,6.56,21.95,3.65,4578849627,2958867490
473,002434,万里扬,10.83,0.55,5.35,280924,302574992.0,6.32,11.0,10.35,10.36,10.28,0.58,2.1,23.33,2.28,14512200000,14502066369
474,300757,罗博特科,41.19,2.09,5.35,8852,36438157.0,7.39,42.09,39.2,39.21,39.1,0.66,1.61,62.21,5.87,4283760000,2260004682
475,603222,济民医疗,14.42,0.73,5.33,62611,89008139.0,6.06,14.5,13.67,13.67,13.69,0.85,1.96,23.37,4.09,4913520809,4614400000
476,002048,宁波华翔,21.73,1.1,5.33,135057,292238432.0,6.35,22.04,20.73,20.73,20.63,1.21,2.42,10.5,1.3,13607919533,12135785285
477,300055,万邦达,13.25,0.67,5.33,275354,363486608.0,6.92,13.47,12.6,12.61,12.58,0.72,3.19,34.88,2.26,11463698799,11436063605
478,600642,申能股份,7.92,0.4,5.32,1085536,836200896.0,7.85,7.94,7.35,7.35,7.52,1.26,2.41,12.38,1.26,38903343463,35703473383
479,603076,乐惠国际,33.86,1.71,5.32,20130,66795535.0,6.63,34.19,32.06,32.14,32.15,0.97,1.67,36.45,3.13,4086947508,4086947508
480,603897,长城科技,52.7,2.66,5.32,57674,302907616.0,11.77,54.9,49.01,49.7,50.04,0.81,3.14,22.99,5.11,9665900567,9665900567
481,300290,荣科科技,5.95,0.3,5.31,286149,166060944.0,8.14,6.04,5.58,5.88,5.65,0.84,5.04,156.42,2.5,3803463536,3381419010
482,002442,龙星化工,7.14,0.36,5.31,220387,155161011.0,4.87,7.18,6.85,6.85,6.78,0.56,4.6,14.18,2.42,3496315200,3418495983
483,301018,申菱环境,19.85,1.0,5.31,46464,91533099.0,5.73,20.09,19.01,19.02,18.85,1.34,9.07,37.12,2.62,4764198500,1016599349
484,600222,太龙药业,8.35,0.42,5.3,163624,135452626.0,6.68,8.5,7.97,7.97,7.93,0.73,2.85,88.15,2.84,4791950463,4791950463
485,300079,数码视讯,8.55,0.43,5.3,574497,487097376.0,5.42,8.64,8.2,8.24,8.12,0.65,4.53,87.58,3.08,12218025770,10831587781
486,600992,贵绳股份,7.79,0.39,5.27,52268,40021745.0,5.95,7.87,7.43,7.45,7.4,1.05,2.13,67.54,1.32,1909251100,1909251100
487,300727,润禾材料,28.48,1.42,5.25,34341,96868290.0,3.77,28.63,27.61,28.13,27.06,0.93,3.05,45.97,5.8,3613542400,3207668680
488,002923,润都股份,29.89,1.49,5.25,11319,33395601.0,5.42,30.18,28.64,28.65,28.4,0.41,0.8,42.98,5.3,5550861439,4230706670
489,300990,同飞股份,78.51,3.91,5.24,6427,49979599.0,7.16,79.99,74.65,74.65,74.6,1.28,4.94,31.25,2.73,4082520000,1020630000
490,300311,任子行,7.43,0.37,5.24,297463,218736680.0,5.95,7.54,7.12,7.13,7.06,1.05,5.57,-87.54,5.72,5005072015,3970159931
491,600052,浙江广厦,4.42,0.22,5.24,110277,47810841.0,6.19,4.47,4.21,4.26,4.2,0.8,1.31,-100.35,1.11,3731340755,3731340755
492,603629,利通电子,19.7,0.98,5.24,20977,40891787.0,6.52,19.95,18.73,18.76,18.72,1.09,6.99,38.67,1.91,1970000000,591000000
493,600883,博闻科技,8.05,0.4,5.23,15623,12340126.0,6.14,8.1,7.63,7.69,7.65,1.12,0.66,43.21,2.69,1900508400,1900508400
494,300718,长盛轴承,16.1,0.8,5.23,39053,62763452.0,5.16,16.38,15.59,15.59,15.3,1.07,2.32,26.13,3.72,4785274200,2709655921
495,002386,天原股份,13.89,0.69,5.23,370594,509573504.0,5.53,14.06,13.33,13.53,13.2,0.56,4.75,17.44,2.03,10846103966,10842166429
496,002378,章源钨业,8.88,0.44,5.21,161144,140967189.0,5.21,8.93,8.49,8.53,8.44,0.8,1.76,110.2,4.74,8206606832,8128054583
497,600231,凌钢股份,3.23,0.16,5.21,286288,90405916.0,5.21,3.24,3.08,3.08,3.07,0.78,1.0,6.01,1.0,9212364519,9212364519
498,300459,汤姆猫,3.64,0.18,5.2,1774357,638844896.0,5.78,3.7,3.5,3.58,3.46,0.76,6.22,15.52,3.96,12797551818,10384118152
499,600792,云煤能源,5.06,0.25,5.2,208179,103139539.0,7.07,5.09,4.75,4.75,4.81,0.75,2.1,22.55,1.42,5009013416,5009013416
