,code,market,decimal,prePrice,details
0,688103,1,2,53.73,"09:23:29,54.00,2,0,4"
1,688103,1,2,53.73,"09:24:35,54.00,5,0,4"
2,688103,1,2,53.73,"09:24:38,54.00,5,0,4"
3,688103,1,2,53.73,"09:25:04,54.00,5,2,1"
4,688103,1,2,53.73,"09:30:02,54.00,10,1,1"
5,688103,1,2,53.73,"09:30:05,54.00,26,2,1"
6,688103,1,2,53.73,"09:30:08,55.35,37,8,2"
7,688103,1,2,53.73,"09:30:11,55.00,14,2,1"
8,688103,1,2,53.73,"09:30:14,55.00,22,5,1"
9,688103,1,2,53.73,"09:30:17,55.00,27,2,1"
10,688103,1,2,53.73,"09:30:20,54.00,65,13,1"
11,688103,1,2,53.73,"09:30:32,54.22,3,1,1"
12,688103,1,2,53.73,"09:30:44,54.97,3,1,2"
13,688103,1,2,53.73,"09:30:50,54.23,11,5,1"
14,688103,1,2,53.73,"09:30:53,54.23,9,2,2"
15,688103,1,2,53.73,"09:31:11,54.24,16,3,1"
16,688103,1,2,53.73,"09:31:14,54.24,6,2,2"
17,688103,1,2,53.73,"09:31:17,54.23,5,2,1"
18,688103,1,2,53.73,"09:32:02,54.25,2,1,1"
19,688103,1,2,53.73,"09:32:05,54.24,4,2,1"
20,688103,1,2,53.73,"09:32:20,54.25,2,1,1"
21,688103,1,2,53.73,"09:32:23,54.20,24,9,1"
22,688103,1,2,53.73,"09:32:26,54.21,3,2,2"
23,688103,1,2,53.73,"09:32:32,54.21,9,3,1"
24,688103,1,2,53.73,"09:32:38,54.21,2,1,1"
25,688103,1,2,53.73,"09:32:53,54.22,2,1,1"
26,688103,1,2,53.73,"09:33:08,54.00,14,5,1"
27,688103,1,2,53.73,"09:33:11,54.23,2,1,2"
28,688103,1,2,53.73,"09:33:17,54.00,181,3,1"
29,688103,1,2,53.73,"09:33:23,53.98,6,5,2"
30,688103,1,2,53.73,"09:33:26,53.97,4,2,2"
31,688103,1,2,53.73,"09:33:29,53.97,2,2,2"
32,688103,1,2,53.73,"09:34:23,53.97,12,7,2"
33,688103,1,2,53.73,"09:34:29,53.95,4,2,2"
34,688103,1,2,53.73,"09:34:32,53.99,11,6,2"
35,688103,1,2,53.73,"09:34:35,54.00,14,3,2"
36,688103,1,2,53.73,"09:35:08,53.99,4,2,1"
37,688103,1,2,53.73,"09:35:14,53.95,8,4,1"
38,688103,1,2,53.73,"09:35:20,53.82,4,2,2"
39,688103,1,2,53.73,"09:35:32,53.82,5,2,1"
40,688103,1,2,53.73,"09:36:02,53.83,2,1,1"
41,688103,1,2,53.73,"09:36:11,53.82,3,2,1"
42,688103,1,2,53.73,"09:36:38,53.52,11,3,1"
43,688103,1,2,53.73,"09:36:41,53.52,14,3,2"
44,688103,1,2,53.73,"09:36:53,53.50,6,1,1"
45,688103,1,2,53.73,"09:37:11,53.47,4,3,1"
46,688103,1,2,53.73,"09:37:23,53.49,2,1,2"
47,688103,1,2,53.73,"09:37:29,53.39,2,1,1"
48,688103,1,2,53.73,"09:37:50,53.38,2,1,2"
49,688103,1,2,53.73,"09:37:53,53.00,126,9,1"
50,688103,1,2,53.73,"09:37:56,53.01,2,1,1"
51,688103,1,2,53.73,"09:38:08,53.37,4,1,2"
52,688103,1,2,53.73,"09:38:17,53.15,18,5,1"
53,688103,1,2,53.73,"09:38:23,53.17,2,1,1"
54,688103,1,2,53.73,"09:38:35,53.15,15,6,1"
55,688103,1,2,53.73,"09:38:47,53.35,2,1,2"
56,688103,1,2,53.73,"09:39:08,53.02,4,2,1"
57,688103,1,2,53.73,"09:39:29,53.02,15,8,1"
58,688103,1,2,53.73,"09:39:47,53.00,55,11,1"
59,688103,1,2,53.73,"09:39:50,53.00,26,10,1"
60,688103,1,2,53.73,"09:39:56,53.01,36,6,1"
61,688103,1,2,53.73,"09:40:02,53.01,6,3,1"
62,688103,1,2,53.73,"09:40:08,53.02,2,1,1"
63,688103,1,2,53.73,"09:40:11,53.00,102,5,1"
64,688103,1,2,53.73,"09:40:14,53.00,25,5,1"
65,688103,1,2,53.73,"09:40:20,53.00,27,8,1"
66,688103,1,2,53.73,"09:40:53,53.00,8,2,2"
67,688103,1,2,53.73,"09:40:56,52.87,43,8,1"
68,688103,1,2,53.73,"09:41:02,52.87,2,1,2"
69,688103,1,2,53.73,"09:41:05,52.87,5,1,2"
70,688103,1,2,53.73,"09:41:11,52.80,11,7,1"
71,688103,1,2,53.73,"09:41:17,52.80,2,2,1"
72,688103,1,2,53.73,"09:41:23,52.80,9,2,1"
73,688103,1,2,53.73,"09:41:44,52.55,31,7,1"
74,688103,1,2,53.73,"09:41:53,52.54,3,1,2"
75,688103,1,2,53.73,"09:42:02,52.53,2,1,2"
76,688103,1,2,53.73,"09:42:05,52.55,50,3,2"
77,688103,1,2,53.73,"09:42:08,52.55,56,3,2"
78,688103,1,2,53.73,"09:42:17,52.56,3,2,2"
79,688103,1,2,53.73,"09:42:26,52.50,12,4,1"
80,688103,1,2,53.73,"09:42:29,52.56,5,1,2"
81,688103,1,2,53.73,"09:42:32,52.35,19,2,1"
82,688103,1,2,53.73,"09:42:44,52.07,8,3,1"
83,688103,1,2,53.73,"09:43:02,52.30,1,1,2"
84,688103,1,2,53.73,"09:43:53,52.83,2,1,2"
85,688103,1,2,53.73,"09:44:05,52.33,3,2,1"
86,688103,1,2,53.73,"09:44:17,52.35,4,1,1"
87,688103,1,2,53.73,"09:44:20,52.35,4,2,1"
88,688103,1,2,53.73,"09:44:44,52.33,2,3,1"
89,688103,1,2,53.73,"09:45:02,52.56,2,1,2"
90,688103,1,2,53.73,"09:45:17,52.38,2,1,1"
91,688103,1,2,53.73,"09:45:23,52.57,2,1,2"
92,688103,1,2,53.73,"09:45:38,52.38,3,2,1"
93,688103,1,2,53.73,"09:45:56,52.57,2,1,2"
94,688103,1,2,53.73,"09:46:17,52.58,2,1,2"
95,688103,1,2,53.73,"09:46:44,52.58,2,1,2"
96,688103,1,2,53.73,"09:47:11,52.59,2,1,2"
97,688103,1,2,53.73,"09:47:32,52.66,3,2,2"
98,688103,1,2,53.73,"09:47:47,52.66,1,1,2"
99,688103,1,2,53.73,"09:48:02,52.66,1,1,1"
100,688103,1,2,53.73,"09:48:11,52.40,4,2,1"
101,688103,1,2,53.73,"09:48:14,52.39,6,3,1"
102,688103,1,2,53.73,"09:48:17,52.38,4,2,1"
103,688103,1,2,53.73,"09:48:20,52.38,4,1,1"
104,688103,1,2,53.73,"09:48:23,52.38,4,1,1"
105,688103,1,2,53.73,"09:48:26,52.38,2,1,1"
106,688103,1,2,53.73,"09:48:32,52.57,2,1,2"
107,688103,1,2,53.73,"09:48:59,52.57,2,1,2"
108,688103,1,2,53.73,"09:49:26,52.57,2,1,2"
109,688103,1,2,53.73,"09:49:50,52.57,2,1,2"
110,688103,1,2,53.73,"09:50:11,52.38,9,5,1"
111,688103,1,2,53.73,"09:50:14,52.33,4,2,1"
112,688103,1,2,53.73,"09:50:35,52.34,2,1,1"
113,688103,1,2,53.73,"09:51:17,52.30,6,3,1"
114,688103,1,2,53.73,"09:51:20,52.31,20,11,2"
115,688103,1,2,53.73,"09:51:26,52.34,6,2,2"
116,688103,1,2,53.73,"09:51:53,52.34,2,1,1"
117,688103,1,2,53.73,"09:52:11,52.34,2,1,2"
118,688103,1,2,53.73,"09:52:14,52.20,8,1,1"
119,688103,1,2,53.73,"09:52:20,52.18,4,2,1"
120,688103,1,2,53.73,"09:52:26,52.17,12,2,1"
121,688103,1,2,53.73,"09:52:29,52.16,14,7,1"
122,688103,1,2,53.73,"09:52:32,52.05,7,3,1"
123,688103,1,2,53.73,"09:53:02,52.06,2,1,1"
124,688103,1,2,53.73,"09:53:11,52.06,3,2,1"
125,688103,1,2,53.73,"09:53:20,52.05,6,4,1"
126,688103,1,2,53.73,"09:53:29,51.50,37,12,1"
127,688103,1,2,53.73,"09:53:32,52.05,3,1,2"
128,688103,1,2,53.73,"09:55:17,52.06,16,7,2"
129,688103,1,2,53.73,"09:55:32,52.06,2,1,1"
130,688103,1,2,53.73,"09:55:41,52.06,3,2,1"
131,688103,1,2,53.73,"09:56:20,52.15,7,5,2"
132,688103,1,2,53.73,"09:56:32,52.05,20,3,1"
133,688103,1,2,53.73,"09:56:35,52.18,2,1,2"
134,688103,1,2,53.73,"09:56:41,52.06,12,2,1"
135,688103,1,2,53.73,"09:56:44,52.05,6,4,1"
136,688103,1,2,53.73,"09:56:53,52.05,5,2,2"
137,688103,1,2,53.73,"09:58:23,51.97,2,1,2"
138,688103,1,2,53.73,"09:58:50,51.97,2,1,2"
139,688103,1,2,53.73,"09:59:17,51.97,2,1,2"
140,688103,1,2,53.73,"09:59:41,51.99,2,1,2"
141,688103,1,2,53.73,"10:00:02,52.00,2,3,2"
142,688103,1,2,53.73,"10:00:14,52.05,2,1,2"
143,688103,1,2,53.73,"10:00:29,52.16,2,2,2"
144,688103,1,2,53.73,"10:00:56,52.00,4,2,1"
145,688103,1,2,53.73,"10:01:23,52.00,5,4,2"
146,688103,1,2,53.73,"10:02:05,52.16,2,1,2"
147,688103,1,2,53.73,"10:02:23,52.16,2,1,2"
148,688103,1,2,53.73,"10:02:26,52.16,4,1,2"
149,688103,1,2,53.73,"10:02:35,52.16,2,2,2"
150,688103,1,2,53.73,"10:02:50,52.16,2,2,2"
151,688103,1,2,53.73,"10:02:53,52.16,4,2,2"
152,688103,1,2,53.73,"10:03:35,52.16,2,1,2"
153,688103,1,2,53.73,"10:03:51,52.16,2,1,2"
154,688103,1,2,53.73,"10:04:06,52.16,2,1,2"
155,688103,1,2,53.73,"10:04:08,52.16,13,4,2"
156,688103,1,2,53.73,"10:04:17,52.04,8,3,1"
157,688103,1,2,53.73,"10:04:44,52.36,2,1,2"
158,688103,1,2,53.73,"10:05:50,52.35,2,1,2"
159,688103,1,2,53.73,"10:05:53,52.35,4,2,2"
160,688103,1,2,53.73,"10:05:56,52.36,4,2,2"
161,688103,1,2,53.73,"10:06:05,52.56,2,1,2"
162,688103,1,2,53.73,"10:06:17,52.36,11,2,1"
163,688103,1,2,53.73,"10:06:20,52.10,13,4,1"
164,688103,1,2,53.73,"10:06:26,52.56,2,1,2"
165,688103,1,2,53.73,"10:06:50,52.56,2,1,2"
166,688103,1,2,53.73,"10:07:17,52.25,2,1,1"
167,688103,1,2,53.73,"10:07:59,52.44,2,1,2"
168,688103,1,2,53.73,"10:08:08,52.44,2,1,2"
169,688103,1,2,53.73,"10:08:42,52.51,2,1,2"
170,688103,1,2,53.73,"10:08:57,52.47,2,1,2"
171,688103,1,2,53.73,"10:09:18,52.47,2,1,2"
172,688103,1,2,53.73,"10:09:57,52.47,2,1,2"
173,688103,1,2,53.73,"10:10:18,52.53,2,1,2"
174,688103,1,2,53.73,"10:10:42,52.24,7,2,1"
175,688103,1,2,53.73,"10:11:17,52.24,8,4,1"
176,688103,1,2,53.73,"10:11:45,52.53,2,1,2"
177,688103,1,2,53.73,"10:12:09,52.53,2,1,2"
178,688103,1,2,53.73,"10:12:33,52.53,2,1,2"
179,688103,1,2,53.73,"10:12:51,52.32,20,3,1"
180,688103,1,2,53.73,"10:12:54,52.24,6,4,1"
181,688103,1,2,53.73,"10:13:24,52.53,2,1,2"
182,688103,1,2,53.73,"10:13:51,52.53,2,1,2"
183,688103,1,2,53.73,"10:14:06,52.51,2,1,2"
184,688103,1,2,53.73,"10:14:15,52.26,2,1,1"
185,688103,1,2,53.73,"10:14:30,52.48,2,2,2"
186,688103,1,2,53.73,"10:14:54,52.48,2,1,2"
187,688103,1,2,53.73,"10:15:09,52.48,4,3,2"
188,688103,1,2,53.73,"10:15:18,52.52,2,2,2"
189,688103,1,2,53.73,"10:15:57,52.52,2,1,2"
190,688103,1,2,53.73,"10:16:21,52.52,2,1,2"
191,688103,1,2,53.73,"10:16:45,52.52,2,1,2"
192,688103,1,2,53.73,"10:17:12,52.52,2,1,2"
193,688103,1,2,53.73,"10:17:33,52.52,2,2,2"
194,688103,1,2,53.73,"10:18:03,52.52,2,1,2"
195,688103,1,2,53.73,"10:18:24,52.55,2,2,2"
196,688103,1,2,53.73,"10:18:51,52.55,2,2,2"
197,688103,1,2,53.73,"10:19:24,52.55,2,1,2"
198,688103,1,2,53.73,"10:19:36,52.56,2,1,2"
199,688103,1,2,53.73,"10:19:42,52.57,2,1,2"
200,688103,1,2,53.73,"10:20:06,52.64,2,1,2"
201,688103,1,2,53.73,"10:20:36,52.64,2,1,2"
202,688103,1,2,53.73,"10:20:54,52.64,2,1,2"
203,688103,1,2,53.73,"10:21:18,52.58,2,1,1"
204,688103,1,2,53.73,"10:21:48,52.56,2,1,2"
205,688103,1,2,53.73,"10:22:12,52.53,2,1,2"
206,688103,1,2,53.73,"10:22:27,52.28,6,3,1"
207,688103,1,2,53.73,"10:23:00,52.53,2,1,2"
208,688103,1,2,53.73,"10:23:30,52.53,2,1,2"
209,688103,1,2,53.73,"10:23:48,52.57,2,2,2"
210,688103,1,2,53.73,"10:24:18,52.57,2,2,2"
211,688103,1,2,53.73,"10:24:42,52.57,2,1,2"
212,688103,1,2,53.73,"10:25:09,52.57,2,1,2"
213,688103,1,2,53.73,"10:25:30,52.57,3,1,2"
214,688103,1,2,53.73,"10:26:00,52.57,3,1,2"
215,688103,1,2,53.73,"10:26:09,52.57,2,1,2"
216,688103,1,2,53.73,"10:26:36,52.57,3,1,2"
217,688103,1,2,53.73,"10:26:57,52.30,2,1,1"
218,688103,1,2,53.73,"10:27:12,52.57,2,1,2"
219,688103,1,2,53.73,"10:27:33,52.57,2,1,2"
220,688103,1,2,53.73,"10:28:00,52.57,2,1,2"
221,688103,1,2,53.73,"10:28:15,52.57,2,1,2"
222,688103,1,2,53.73,"10:28:39,52.58,2,2,2"
223,688103,1,2,53.73,"10:29:09,52.58,2,1,2"
224,688103,1,2,53.73,"10:29:30,52.58,2,1,2"
225,688103,1,2,53.73,"10:29:51,52.34,20,2,1"
226,688103,1,2,53.73,"10:29:54,52.37,14,2,2"
227,688103,1,2,53.73,"10:29:57,52.57,2,1,2"
228,688103,1,2,53.73,"10:30:06,52.38,29,3,1"
229,688103,1,2,53.73,"10:30:09,52.57,2,1,2"
230,688103,1,2,53.73,"10:30:24,52.57,2,1,2"
231,688103,1,2,53.73,"10:30:30,52.34,25,2,1"
232,688103,1,2,53.73,"10:30:33,52.36,4,1,1"
233,688103,1,2,53.73,"10:30:39,52.57,2,1,2"
234,688103,1,2,53.73,"10:30:45,52.36,18,3,1"
235,688103,1,2,53.73,"10:30:54,52.57,2,1,2"
236,688103,1,2,53.73,"10:30:57,52.26,14,4,1"
237,688103,1,2,53.73,"10:31:06,52.36,2,1,2"
238,688103,1,2,53.73,"10:32:03,52.24,9,6,1"
239,688103,1,2,53.73,"10:32:18,52.04,45,4,1"
240,688103,1,2,53.73,"10:32:21,52.13,3,1,2"
241,688103,1,2,53.73,"10:32:48,52.00,62,7,1"
242,688103,1,2,53.73,"10:32:51,52.00,7,3,2"
243,688103,1,2,53.73,"10:34:39,52.02,35,3,1"
244,688103,1,2,53.73,"10:34:42,52.18,8,3,2"
245,688103,1,2,53.73,"10:34:45,52.20,2,1,2"
246,688103,1,2,53.73,"10:34:57,52.22,2,1,2"
247,688103,1,2,53.73,"10:35:12,52.21,2,1,2"
248,688103,1,2,53.73,"10:35:21,52.22,8,2,2"
249,688103,1,2,53.73,"10:35:42,52.36,2,1,2"
250,688103,1,2,53.73,"10:36:03,52.46,2,1,2"
251,688103,1,2,53.73,"10:36:27,52.22,2,1,1"
252,688103,1,2,53.73,"10:36:51,52.22,2,1,2"
253,688103,1,2,53.73,"10:37:21,52.30,2,1,2"
254,688103,1,2,53.73,"10:37:48,52.02,12,5,1"
255,688103,1,2,53.73,"10:37:51,52.27,5,1,2"
256,688103,1,2,53.73,"10:38:27,52.26,2,1,2"
257,688103,1,2,53.73,"10:38:57,52.26,2,1,2"
258,688103,1,2,53.73,"10:39:21,52.26,2,1,2"
259,688103,1,2,53.73,"10:39:48,52.26,2,1,2"
260,688103,1,2,53.73,"10:40:09,52.26,2,1,2"
261,688103,1,2,53.73,"10:40:36,52.26,2,1,2"
262,688103,1,2,53.73,"10:40:51,52.26,22,2,2"
263,688103,1,2,53.73,"10:40:54,52.01,56,12,1"
264,688103,1,2,53.73,"10:40:57,52.02,2,1,1"
265,688103,1,2,53.73,"10:41:36,52.26,2,1,2"
266,688103,1,2,53.73,"10:42:03,52.27,2,1,2"
267,688103,1,2,53.73,"10:42:27,52.27,2,1,2"
268,688103,1,2,53.73,"10:42:54,52.26,2,1,2"
269,688103,1,2,53.73,"10:43:15,52.26,2,1,2"
270,688103,1,2,53.73,"10:43:42,52.59,2,2,2"
271,688103,1,2,53.73,"10:44:06,52.27,2,1,2"
272,688103,1,2,53.73,"10:44:33,52.06,4,3,1"
273,688103,1,2,53.73,"10:45:09,52.41,2,1,2"
274,688103,1,2,53.73,"10:45:33,52.41,2,1,2"
275,688103,1,2,53.73,"10:45:45,52.40,2,1,2"
276,688103,1,2,53.73,"10:46:03,52.40,2,1,2"
277,688103,1,2,53.73,"10:46:48,52.36,2,1,2"
278,688103,1,2,53.73,"10:47:03,52.36,2,1,2"
279,688103,1,2,53.73,"10:47:09,52.12,2,1,1"
280,688103,1,2,53.73,"10:47:33,52.36,2,1,2"
281,688103,1,2,53.73,"10:47:54,52.14,4,2,1"
282,688103,1,2,53.73,"10:48:21,52.38,2,1,2"
283,688103,1,2,53.73,"10:48:39,52.38,2,1,2"
284,688103,1,2,53.73,"10:49:09,52.38,2,1,2"
285,688103,1,2,53.73,"10:49:36,52.38,2,1,2"
286,688103,1,2,53.73,"10:49:39,52.17,2,1,1"
287,688103,1,2,53.73,"10:49:57,52.40,2,1,2"
288,688103,1,2,53.73,"10:50:24,52.37,2,1,2"
289,688103,1,2,53.73,"10:50:48,52.37,2,1,2"
290,688103,1,2,53.73,"10:51:00,52.13,9,3,1"
291,688103,1,2,53.73,"10:51:03,52.13,2,1,1"
292,688103,1,2,53.73,"10:51:24,52.04,2,1,1"
293,688103,1,2,53.73,"10:51:48,52.29,2,1,2"
294,688103,1,2,53.73,"10:51:51,52.01,12,4,1"
295,688103,1,2,53.73,"10:52:09,51.95,36,6,1"
296,688103,1,2,53.73,"10:52:12,51.79,6,4,1"
297,688103,1,2,53.73,"10:53:18,51.80,8,3,1"
298,688103,1,2,53.73,"10:53:21,51.73,34,8,1"
299,688103,1,2,53.73,"10:53:24,51.70,4,2,1"
300,688103,1,2,53.73,"10:54:15,51.63,9,4,1"
301,688103,1,2,53.73,"10:54:18,51.63,2,1,1"
302,688103,1,2,53.73,"10:55:24,51.72,2,1,2"
303,688103,1,2,53.73,"10:55:27,51.64,2,1,1"
304,688103,1,2,53.73,"10:55:48,51.71,5,1,2"
305,688103,1,2,53.73,"10:56:15,51.74,2,1,2"
306,688103,1,2,53.73,"10:56:36,51.74,2,1,2"
307,688103,1,2,53.73,"10:57:03,51.70,2,1,2"
308,688103,1,2,53.73,"10:57:24,51.70,10,4,2"
309,688103,1,2,53.73,"10:57:27,51.70,8,3,1"
310,688103,1,2,53.73,"10:57:30,51.70,2,1,1"
311,688103,1,2,53.73,"10:57:33,51.78,2,1,2"
312,688103,1,2,53.73,"10:57:51,51.70,5,4,1"
313,688103,1,2,53.73,"10:58:45,51.69,28,8,1"
314,688103,1,2,53.73,"10:58:48,51.65,3,2,1"
315,688103,1,2,53.73,"10:59:30,51.74,2,2,2"
316,688103,1,2,53.73,"10:59:33,51.67,2,1,1"
317,688103,1,2,53.73,"10:59:57,51.70,3,1,2"
318,688103,1,2,53.73,"11:00:00,51.66,1,1,1"
319,688103,1,2,53.73,"11:00:36,51.70,5,4,2"
320,688103,1,2,53.73,"11:00:39,51.70,2,1,2"
321,688103,1,2,53.73,"11:00:42,51.70,1,1,2"
322,688103,1,2,53.73,"11:01:03,51.70,8,5,2"
323,688103,1,2,53.73,"11:01:06,51.67,4,2,1"
324,688103,1,2,53.73,"11:01:27,51.75,2,2,2"
325,688103,1,2,53.73,"11:01:48,51.75,2,1,2"
326,688103,1,2,53.73,"11:02:24,51.75,2,2,2"
327,688103,1,2,53.73,"11:02:42,51.75,2,1,2"
328,688103,1,2,53.73,"11:03:09,51.75,2,1,2"
329,688103,1,2,53.73,"11:03:21,51.67,2,1,1"
330,688103,1,2,53.73,"11:03:57,51.67,3,3,1"
331,688103,1,2,53.73,"11:04:00,51.68,2,1,1"
332,688103,1,2,53.73,"11:04:03,51.68,2,1,1"
333,688103,1,2,53.73,"11:04:06,51.69,2,1,1"
334,688103,1,2,53.73,"11:04:36,51.69,1,1,1"
335,688103,1,2,53.73,"11:05:12,51.70,2,1,2"
336,688103,1,2,53.73,"11:05:30,51.69,2,1,2"
337,688103,1,2,53.73,"11:05:33,51.67,2,1,1"
338,688103,1,2,53.73,"11:05:48,51.68,2,1,2"
339,688103,1,2,53.73,"11:05:54,51.65,25,3,1"
340,688103,1,2,53.73,"11:05:57,51.64,2,3,1"
341,688103,1,2,53.73,"11:06:00,51.62,31,12,1"
342,688103,1,2,53.73,"11:06:03,51.62,14,3,1"
343,688103,1,2,53.73,"11:06:06,51.52,36,9,1"
344,688103,1,2,53.73,"11:06:09,51.50,6,5,1"
345,688103,1,2,53.73,"11:06:18,51.50,24,8,1"
346,688103,1,2,53.73,"11:06:21,51.13,2,1,1"
347,688103,1,2,53.73,"11:06:39,51.50,3,1,2"
348,688103,1,2,53.73,"11:06:42,51.32,2,1,1"
349,688103,1,2,53.73,"11:08:21,51.62,2,1,2"
350,688103,1,2,53.73,"11:08:54,51.62,2,2,2"
351,688103,1,2,53.73,"11:09:06,51.60,2,1,2"
352,688103,1,2,53.73,"11:09:33,51.61,2,2,2"
353,688103,1,2,53.73,"11:09:57,51.61,2,1,2"
354,688103,1,2,53.73,"11:10:24,51.59,2,1,2"
355,688103,1,2,53.73,"11:10:48,51.59,2,1,2"
356,688103,1,2,53.73,"11:11:18,51.60,2,1,2"
357,688103,1,2,53.73,"11:11:42,51.61,2,1,2"
358,688103,1,2,53.73,"11:11:57,51.52,4,1,1"
359,688103,1,2,53.73,"11:12:00,51.61,2,1,2"
360,688103,1,2,53.73,"11:12:27,51.61,2,1,2"
361,688103,1,2,53.73,"11:13:00,51.61,2,1,2"
362,688103,1,2,53.73,"11:13:18,51.61,2,2,2"
363,688103,1,2,53.73,"11:13:48,51.61,2,1,2"
364,688103,1,2,53.73,"11:14:09,51.61,2,1,2"
365,688103,1,2,53.73,"11:14:12,51.50,6,2,1"
366,688103,1,2,53.73,"11:14:51,51.51,3,1,1"
367,688103,1,2,53.73,"11:15:03,51.51,10,2,2"
368,688103,1,2,53.73,"11:15:06,51.50,2,2,1"
369,688103,1,2,53.73,"11:15:57,51.61,2,1,2"
370,688103,1,2,53.73,"11:16:18,51.61,2,1,2"
371,688103,1,2,53.73,"11:16:21,51.61,7,1,2"
372,688103,1,2,53.73,"11:16:30,51.51,2,1,1"
373,688103,1,2,53.73,"11:16:48,51.61,2,2,2"
374,688103,1,2,53.73,"11:17:06,51.62,2,2,2"
375,688103,1,2,53.73,"11:17:33,51.90,2,2,2"
376,688103,1,2,53.73,"11:18:09,51.75,2,1,2"
377,688103,1,2,53.73,"11:18:30,51.75,6,1,2"
378,688103,1,2,53.73,"11:18:33,51.76,2,1,2"
379,688103,1,2,53.73,"11:18:51,51.75,7,1,1"
380,688103,1,2,53.73,"11:18:54,51.88,4,2,2"
381,688103,1,2,53.73,"11:18:57,51.75,2,2,1"
382,688103,1,2,53.73,"11:19:30,51.88,2,1,2"
383,688103,1,2,53.73,"11:20:00,51.89,3,1,2"
384,688103,1,2,53.73,"11:20:33,51.88,2,1,2"
385,688103,1,2,53.73,"11:20:57,51.90,2,2,2"
386,688103,1,2,53.73,"11:21:27,51.90,2,1,2"
387,688103,1,2,53.73,"11:21:48,51.50,4,3,1"
388,688103,1,2,53.73,"11:22:48,51.90,2,1,2"
389,688103,1,2,53.73,"11:23:15,51.90,2,1,2"
390,688103,1,2,53.73,"11:23:36,51.54,7,2,1"
391,688103,1,2,53.73,"11:23:39,51.51,2,1,1"
392,688103,1,2,53.73,"11:23:42,51.77,2,1,2"
393,688103,1,2,53.73,"11:24:06,51.77,2,2,2"
394,688103,1,2,53.73,"11:24:24,51.77,2,1,2"
395,688103,1,2,53.73,"11:24:42,51.77,2,1,2"
396,688103,1,2,53.73,"11:25:12,51.79,2,1,2"
397,688103,1,2,53.73,"11:25:39,51.79,2,2,2"
398,688103,1,2,53.73,"11:26:00,51.79,2,1,2"
399,688103,1,2,53.73,"11:26:03,51.57,4,2,1"
400,688103,1,2,53.73,"11:26:27,51.78,2,1,2"
401,688103,1,2,53.73,"13:00:12,51.59,8,2,1"
402,688103,1,2,53.73,"13:00:19,51.60,2,1,2"
403,688103,1,2,53.73,"13:00:22,51.58,5,4,1"
404,688103,1,2,53.73,"13:00:27,51.54,8,4,1"
405,688103,1,2,53.73,"13:00:30,51.50,12,5,1"
406,688103,1,2,53.73,"13:00:33,51.50,8,7,1"
407,688103,1,2,53.73,"13:00:36,51.30,18,7,1"
408,688103,1,2,53.73,"13:02:00,51.32,4,1,1"
409,688103,1,2,53.73,"13:02:09,51.48,2,1,2"
410,688103,1,2,53.73,"13:02:15,51.31,2,1,1"
411,688103,1,2,53.73,"13:04:15,51.31,12,5,1"
412,688103,1,2,53.73,"13:09:00,51.31,108,5,1"
413,688103,1,2,53.73,"13:09:03,51.31,2,2,1"
414,688103,1,2,53.73,"13:09:06,51.44,4,1,2"
415,688103,1,2,53.73,"13:09:12,51.46,4,2,2"
416,688103,1,2,53.73,"13:09:21,51.33,7,2,1"
417,688103,1,2,53.73,"13:09:24,51.32,2,1,1"
418,688103,1,2,53.73,"13:09:27,51.47,4,2,2"
419,688103,1,2,53.73,"13:09:36,51.47,5,1,2"
420,688103,1,2,53.73,"13:11:36,51.40,3,1,2"
421,688103,1,2,53.73,"13:12:03,51.33,2,1,1"
422,688103,1,2,53.73,"13:12:06,51.40,2,1,2"
423,688103,1,2,53.73,"13:12:15,51.32,1,1,1"
424,688103,1,2,53.73,"13:12:18,51.33,3,2,2"
425,688103,1,2,53.73,"13:12:27,51.31,9,2,1"
426,688103,1,2,53.73,"13:13:12,51.33,2,1,1"
427,688103,1,2,53.73,"13:13:24,51.30,5,4,1"
428,688103,1,2,53.73,"13:13:27,51.31,5,3,2"
429,688103,1,2,53.73,"13:13:33,51.23,2,1,1"
430,688103,1,2,53.73,"13:14:00,51.24,2,1,1"
431,688103,1,2,53.73,"13:14:06,51.22,5,2,1"
432,688103,1,2,53.73,"13:14:09,51.21,3,1,1"
433,688103,1,2,53.73,"13:14:27,51.19,2,1,1"
434,688103,1,2,53.73,"13:15:15,51.19,1,1,1"
435,688103,1,2,53.73,"13:15:21,51.18,12,2,1"
436,688103,1,2,53.73,"13:15:27,51.16,6,3,1"
437,688103,1,2,53.73,"13:15:30,51.14,20,5,1"
438,688103,1,2,53.73,"13:15:36,51.12,3,1,1"
439,688103,1,2,53.73,"13:15:39,51.02,23,5,1"
440,688103,1,2,53.73,"13:15:42,51.00,29,11,1"
441,688103,1,2,53.73,"13:15:45,51.00,0,1,1"
442,688103,1,2,53.73,"13:15:48,51.01,3,2,2"
443,688103,1,2,53.73,"13:15:54,50.82,9,2,1"
444,688103,1,2,53.73,"13:15:57,50.81,14,4,1"
445,688103,1,2,53.73,"13:16:00,50.82,2,1,2"
446,688103,1,2,53.73,"13:16:03,50.82,5,3,2"
447,688103,1,2,53.73,"13:16:45,51.00,5,2,2"
448,688103,1,2,53.73,"13:17:33,50.81,2,1,1"
449,688103,1,2,53.73,"13:18:18,50.83,15,2,1"
450,688103,1,2,53.73,"13:18:33,50.83,1,1,1"
451,688103,1,2,53.73,"13:18:36,50.81,4,2,1"
452,688103,1,2,53.73,"13:18:39,50.80,3,1,1"
453,688103,1,2,53.73,"13:18:42,50.80,3,1,2"
454,688103,1,2,53.73,"13:18:51,50.80,8,1,2"
455,688103,1,2,53.73,"13:18:54,50.80,8,3,2"
456,688103,1,2,53.73,"13:18:57,50.83,3,2,2"
457,688103,1,2,53.73,"13:19:00,50.98,80,16,2"
458,688103,1,2,53.73,"13:19:03,50.98,4,2,2"
459,688103,1,2,53.73,"13:19:06,51.01,4,2,2"
460,688103,1,2,53.73,"13:19:12,51.01,9,1,2"
461,688103,1,2,53.73,"13:19:18,51.30,4,2,2"
462,688103,1,2,53.73,"13:19:33,51.24,4,1,2"
463,688103,1,2,53.73,"13:19:39,51.25,4,2,2"
464,688103,1,2,53.73,"13:19:51,51.29,4,1,2"
465,688103,1,2,53.73,"13:19:54,51.00,5,2,1"
466,688103,1,2,53.73,"13:19:57,51.29,5,1,2"
467,688103,1,2,53.73,"13:20:09,51.00,2,1,1"
468,688103,1,2,53.73,"13:20:15,51.00,5,1,1"
469,688103,1,2,53.73,"13:20:21,51.00,2,1,2"
470,688103,1,2,53.73,"13:20:33,50.98,19,6,1"
471,688103,1,2,53.73,"13:20:36,50.96,3,1,2"
472,688103,1,2,53.73,"13:21:00,50.86,2,1,1"
473,688103,1,2,53.73,"13:21:06,50.86,4,1,2"
474,688103,1,2,53.73,"13:21:12,50.84,2,1,1"
475,688103,1,2,53.73,"13:21:30,50.83,11,2,1"
476,688103,1,2,53.73,"13:21:33,50.82,3,1,1"
477,688103,1,2,53.73,"13:21:51,50.70,3,1,1"
478,688103,1,2,53.73,"13:22:06,50.70,2,2,2"
479,688103,1,2,53.73,"13:22:09,50.81,2,1,2"
480,688103,1,2,53.73,"13:22:30,50.84,2,1,2"
481,688103,1,2,53.73,"13:22:33,50.69,4,1,1"
482,688103,1,2,53.73,"13:22:36,50.84,4,1,2"
483,688103,1,2,53.73,"13:22:39,50.84,2,1,2"
484,688103,1,2,53.73,"13:23:00,50.84,2,1,2"
485,688103,1,2,53.73,"13:23:24,50.84,2,1,2"
486,688103,1,2,53.73,"13:23:51,50.84,59,3,2"
487,688103,1,2,53.73,"13:23:54,50.69,5,4,1"
488,688103,1,2,53.73,"13:23:57,50.85,2,1,2"
489,688103,1,2,53.73,"13:24:09,50.85,2,1,2"
490,688103,1,2,53.73,"13:24:30,50.85,2,1,2"
491,688103,1,2,53.73,"13:24:33,50.73,4,1,1"
492,688103,1,2,53.73,"13:24:42,50.85,2,1,2"
493,688103,1,2,53.73,"13:25:00,50.85,2,1,2"
494,688103,1,2,53.73,"13:25:12,50.74,2,1,1"
495,688103,1,2,53.73,"13:25:51,50.86,2,2,2"
496,688103,1,2,53.73,"13:26:18,50.86,2,1,2"
497,688103,1,2,53.73,"13:26:34,50.74,1,1,1"
498,688103,1,2,53.73,"13:27:03,50.73,2,1,1"
499,688103,1,2,53.73,"13:27:07,50.74,2,1,2"
500,688103,1,2,53.73,"13:27:55,50.73,5,1,1"
501,688103,1,2,53.73,"13:28:34,50.73,4,2,1"
502,688103,1,2,53.73,"13:29:13,50.85,2,1,2"
503,688103,1,2,53.73,"13:29:19,50.85,2,1,2"
504,688103,1,2,53.73,"13:30:34,50.73,4,2,1"
505,688103,1,2,53.73,"13:30:37,50.86,2,1,2"
506,688103,1,2,53.73,"13:31:55,50.74,5,3,1"
507,688103,1,2,53.73,"13:32:22,50.86,2,1,2"
508,688103,1,2,53.73,"13:32:25,50.86,47,1,2"
509,688103,1,2,53.73,"13:32:31,50.99,4,1,2"
510,688103,1,2,53.73,"13:32:34,50.86,4,1,1"
511,688103,1,2,53.73,"13:32:37,50.99,4,1,2"
512,688103,1,2,53.73,"13:32:46,50.99,2,1,2"
513,688103,1,2,53.73,"13:32:55,51.00,31,3,2"
514,688103,1,2,53.73,"13:33:04,51.29,4,1,2"
515,688103,1,2,53.73,"13:33:13,51.27,4,1,2"
516,688103,1,2,53.73,"13:34:31,51.21,3,2,2"
517,688103,1,2,53.73,"13:34:34,51.01,3,1,1"
518,688103,1,2,53.73,"13:34:37,51.01,1,1,2"
519,688103,1,2,53.73,"13:35:28,51.03,4,1,1"
520,688103,1,2,53.73,"13:35:55,51.02,2,1,1"
521,688103,1,2,53.73,"13:35:58,51.02,3,1,2"
522,688103,1,2,53.73,"13:36:34,51.03,4,3,1"
523,688103,1,2,53.73,"13:36:52,51.04,2,1,1"
524,688103,1,2,53.73,"13:38:34,51.05,4,2,1"
525,688103,1,2,53.73,"13:39:55,51.05,5,3,1"
526,688103,1,2,53.73,"13:40:34,51.05,1,1,1"
527,688103,1,2,53.73,"13:40:37,51.04,1,1,1"
528,688103,1,2,53.73,"13:40:52,51.02,3,1,1"
529,688103,1,2,53.73,"13:40:58,51.01,8,1,1"
530,688103,1,2,53.73,"13:41:01,51.02,3,1,2"
531,688103,1,2,53.73,"13:41:34,51.02,3,1,1"
532,688103,1,2,53.73,"13:42:34,51.02,3,2,1"
533,688103,1,2,53.73,"13:42:37,51.01,3,1,1"
534,688103,1,2,53.73,"13:42:43,51.01,2,2,1"
535,688103,1,2,53.73,"13:43:37,51.01,2,1,1"
536,688103,1,2,53.73,"13:43:43,51.01,3,1,1"
537,688103,1,2,53.73,"13:43:46,51.01,3,1,1"
538,688103,1,2,53.73,"13:43:52,51.00,14,1,1"
539,688103,1,2,53.73,"13:43:55,51.00,5,2,1"
540,688103,1,2,53.73,"13:43:58,51.00,4,2,1"
541,688103,1,2,53.73,"13:44:01,51.01,2,1,1"
542,688103,1,2,53.73,"13:44:34,50.88,4,2,1"
543,688103,1,2,53.73,"13:45:40,50.95,2,1,1"
544,688103,1,2,53.73,"13:46:34,50.95,1,1,1"
545,688103,1,2,53.73,"13:47:34,50.90,2,1,1"
546,688103,1,2,53.73,"13:47:37,50.89,2,2,1"
547,688103,1,2,53.73,"13:47:40,50.90,2,2,2"
548,688103,1,2,53.73,"13:47:43,50.89,6,2,1"
549,688103,1,2,53.73,"13:47:46,50.87,2,1,1"
550,688103,1,2,53.73,"13:47:52,50.86,13,1,1"
551,688103,1,2,53.73,"13:47:55,50.86,14,6,1"
552,688103,1,2,53.73,"13:47:58,50.86,1,1,1"
553,688103,1,2,53.73,"13:48:01,50.81,3,1,1"
554,688103,1,2,53.73,"13:48:04,50.80,2,1,1"
555,688103,1,2,53.73,"13:48:34,50.75,3,1,1"
556,688103,1,2,53.73,"13:48:37,50.75,1,1,2"
557,688103,1,2,53.73,"13:50:34,50.76,1,1,1"
558,688103,1,2,53.73,"13:50:37,50.74,3,1,1"
559,688103,1,2,53.73,"13:50:43,50.75,3,1,1"
560,688103,1,2,53.73,"13:50:52,50.75,3,1,1"
561,688103,1,2,53.73,"13:51:34,50.65,2,1,1"
562,688103,1,2,53.73,"13:51:37,50.65,1,1,2"
563,688103,1,2,53.73,"13:51:55,50.76,8,4,2"
564,688103,1,2,53.73,"13:52:19,50.76,2,2,2"
565,688103,1,2,53.73,"13:52:34,50.63,4,2,1"
566,688103,1,2,53.73,"13:53:01,50.64,3,1,1"
567,688103,1,2,53.73,"13:53:13,50.64,3,1,1"
568,688103,1,2,53.73,"13:53:16,50.64,3,1,2"
569,688103,1,2,53.73,"13:53:46,50.76,3,2,2"
570,688103,1,2,53.73,"13:54:34,50.64,4,2,1"
571,688103,1,2,53.73,"13:55:55,50.65,5,2,1"
572,688103,1,2,53.73,"13:56:34,50.66,4,2,1"
573,688103,1,2,53.73,"13:58:10,50.67,2,1,1"
574,688103,1,2,53.73,"13:58:13,50.66,3,1,2"
575,688103,1,2,53.73,"13:58:34,50.65,4,1,1"
576,688103,1,2,53.73,"13:58:37,50.65,14,1,1"
577,688103,1,2,53.73,"13:58:43,50.65,13,3,1"
578,688103,1,2,53.73,"13:58:46,50.65,3,1,1"
579,688103,1,2,53.73,"13:58:52,50.65,2,1,1"
580,688103,1,2,53.73,"13:58:58,50.65,3,1,1"
581,688103,1,2,53.73,"13:59:07,50.64,4,2,1"
582,688103,1,2,53.73,"13:59:10,50.63,14,2,1"
583,688103,1,2,53.73,"13:59:13,50.61,15,6,1"
584,688103,1,2,53.73,"13:59:16,50.60,48,7,1"
585,688103,1,2,53.73,"13:59:19,50.60,3,2,1"
586,688103,1,2,53.73,"13:59:22,50.51,7,2,1"
587,688103,1,2,53.73,"13:59:28,50.50,15,3,1"
588,688103,1,2,53.73,"13:59:43,50.50,3,1,2"
589,688103,1,2,53.73,"13:59:49,50.37,2,1,1"
590,688103,1,2,53.73,"13:59:52,50.39,4,1,1"
591,688103,1,2,53.73,"13:59:55,50.40,5,1,1"
592,688103,1,2,53.73,"14:00:25,50.32,2,1,1"
593,688103,1,2,53.73,"14:00:34,50.24,3,1,1"
594,688103,1,2,53.73,"14:00:43,50.24,2,2,2"
595,688103,1,2,53.73,"14:01:07,50.24,2,1,2"
596,688103,1,2,53.73,"14:01:16,50.24,8,1,2"
597,688103,1,2,53.73,"14:01:55,50.22,2,1,1"
598,688103,1,2,53.73,"14:02:01,50.24,3,1,2"
599,688103,1,2,53.73,"14:02:34,50.21,3,1,1"
600,688103,1,2,53.73,"14:02:37,50.21,13,5,2"
601,688103,1,2,53.73,"14:02:40,50.20,3,1,1"
602,688103,1,2,53.73,"14:03:04,50.20,6,3,2"
603,688103,1,2,53.73,"14:03:07,50.20,4,1,2"
604,688103,1,2,53.73,"14:03:43,50.12,2,1,1"
605,688103,1,2,53.73,"14:03:55,50.11,3,1,1"
606,688103,1,2,53.73,"14:03:58,50.10,3,2,1"
607,688103,1,2,53.73,"14:04:19,50.10,8,3,1"
608,688103,1,2,53.73,"14:04:22,50.11,25,7,2"
609,688103,1,2,53.73,"14:04:31,50.13,5,2,1"
610,688103,1,2,53.73,"14:04:49,50.11,19,5,1"
611,688103,1,2,53.73,"14:04:52,50.14,5,4,2"
612,688103,1,2,53.73,"14:05:25,50.19,4,2,2"
613,688103,1,2,53.73,"14:05:34,50.12,2,1,1"
614,688103,1,2,53.73,"14:06:28,50.05,8,4,1"
615,688103,1,2,53.73,"14:06:31,50.05,2,1,2"
616,688103,1,2,53.73,"14:06:34,50.11,8,2,2"
617,688103,1,2,53.73,"14:06:49,50.01,38,6,1"
618,688103,1,2,53.73,"14:07:04,50.02,2,1,1"
619,688103,1,2,53.73,"14:07:31,50.02,1,1,1"
620,688103,1,2,53.73,"14:07:34,50.02,2,1,2"
621,688103,1,2,53.73,"14:08:04,50.11,13,3,2"
622,688103,1,2,53.73,"14:08:07,50.12,2,1,2"
623,688103,1,2,53.73,"14:09:07,50.19,2,1,2"
624,688103,1,2,53.73,"14:09:19,50.38,2,1,2"
625,688103,1,2,53.73,"14:09:22,50.39,2,1,2"
626,688103,1,2,53.73,"14:09:43,50.39,4,1,2"
627,688103,1,2,53.73,"14:09:49,50.38,4,2,1"
628,688103,1,2,53.73,"14:10:07,50.38,1,1,1"
629,688103,1,2,53.73,"14:10:13,50.38,6,2,1"
630,688103,1,2,53.73,"14:10:16,50.38,2,1,1"
631,688103,1,2,53.73,"14:10:19,50.39,3,2,2"
632,688103,1,2,53.73,"14:11:34,50.22,2,1,1"
633,688103,1,2,53.73,"14:13:07,50.22,2,1,1"
634,688103,1,2,53.73,"14:13:10,50.21,3,1,1"
635,688103,1,2,53.73,"14:13:13,50.21,2,1,1"
636,688103,1,2,53.73,"14:13:16,50.20,6,2,1"
637,688103,1,2,53.73,"14:15:34,50.22,22,2,2"
638,688103,1,2,53.73,"14:15:37,50.22,2,1,2"
639,688103,1,2,53.73,"14:17:13,50.21,8,1,1"
640,688103,1,2,53.73,"14:17:31,50.22,6,1,2"
641,688103,1,2,53.73,"14:19:19,50.22,14,2,1"
642,688103,1,2,53.73,"14:20:04,50.21,32,1,1"
643,688103,1,2,53.73,"14:20:10,50.20,13,4,1"
644,688103,1,2,53.73,"14:20:13,50.21,3,2,2"
645,688103,1,2,53.73,"14:20:19,50.20,2,1,1"
646,688103,1,2,53.73,"14:20:31,50.20,1,1,1"
647,688103,1,2,53.73,"14:20:37,50.19,2,1,1"
648,688103,1,2,53.73,"14:23:04,50.20,2,1,1"
649,688103,1,2,53.73,"14:23:13,50.20,1,1,1"
650,688103,1,2,53.73,"14:23:49,50.18,15,5,1"
651,688103,1,2,53.73,"14:24:13,50.20,2,1,1"
652,688103,1,2,53.73,"14:24:19,50.21,12,1,2"
653,688103,1,2,53.73,"14:24:46,50.21,1,1,2"
654,688103,1,2,53.73,"14:24:58,50.22,2,1,2"
655,688103,1,2,53.73,"14:25:16,50.22,2,1,2"
656,688103,1,2,53.73,"14:25:22,50.20,10,3,1"
657,688103,1,2,53.73,"14:25:25,50.21,3,1,2"
658,688103,1,2,53.73,"14:25:46,50.20,3,1,1"
659,688103,1,2,53.73,"14:26:10,50.18,12,3,1"
660,688103,1,2,53.73,"14:26:16,50.18,8,3,1"
661,688103,1,2,53.73,"14:26:19,50.11,2,1,1"
662,688103,1,2,53.73,"14:26:37,50.12,1,1,1"
663,688103,1,2,53.73,"14:26:40,50.11,2,2,1"
664,688103,1,2,53.73,"14:26:46,50.12,3,1,2"
665,688103,1,2,53.73,"14:26:58,50.12,3,1,1"
666,688103,1,2,53.73,"14:27:01,50.11,1,1,1"
667,688103,1,2,53.73,"14:27:04,50.09,9,3,1"
668,688103,1,2,53.73,"14:27:07,50.06,1,1,1"
669,688103,1,2,53.73,"14:27:10,50.06,9,2,1"
670,688103,1,2,53.73,"14:27:13,50.07,3,1,1"
671,688103,1,2,53.73,"14:27:16,50.09,8,5,2"
672,688103,1,2,53.73,"14:27:22,50.08,2,1,1"
673,688103,1,2,53.73,"14:27:28,50.08,1,1,1"
674,688103,1,2,53.73,"14:28:01,50.06,2,1,1"
675,688103,1,2,53.73,"14:28:04,50.05,6,3,1"
676,688103,1,2,53.73,"14:28:07,50.06,3,1,2"
677,688103,1,2,53.73,"14:28:25,50.07,3,1,2"
678,688103,1,2,53.73,"14:28:52,50.06,2,1,1"
679,688103,1,2,53.73,"14:29:04,50.06,3,1,1"
680,688103,1,2,53.73,"14:29:49,50.05,11,3,1"
681,688103,1,2,53.73,"14:29:55,50.05,2,1,2"
682,688103,1,2,53.73,"14:30:10,50.03,2,1,1"
683,688103,1,2,53.73,"14:30:31,50.01,8,4,1"
684,688103,1,2,53.73,"14:30:37,50.02,14,4,2"
685,688103,1,2,53.73,"14:30:52,50.00,64,11,1"
686,688103,1,2,53.73,"14:30:55,50.03,2,1,2"
687,688103,1,2,53.73,"14:31:01,50.03,3,1,2"
688,688103,1,2,53.73,"14:31:10,50.00,10,4,1"
689,688103,1,2,53.73,"14:31:19,50.02,2,1,1"
690,688103,1,2,53.73,"14:31:28,50.02,10,3,2"
691,688103,1,2,53.73,"14:31:46,50.01,2,1,2"
692,688103,1,2,53.73,"14:32:07,50.00,10,3,2"
693,688103,1,2,53.73,"14:33:07,49.98,8,3,2"
694,688103,1,2,53.73,"14:33:16,49.98,2,1,2"
695,688103,1,2,53.73,"14:34:10,49.97,2,1,2"
696,688103,1,2,53.73,"14:34:34,49.96,43,2,2"
697,688103,1,2,53.73,"14:34:46,49.97,22,3,2"
698,688103,1,2,53.73,"14:35:07,49.96,6,3,2"
699,688103,1,2,53.73,"14:35:49,49.95,2,1,1"
700,688103,1,2,53.73,"14:35:52,49.95,20,1,2"
701,688103,1,2,53.73,"14:36:01,49.87,33,11,1"
702,688103,1,2,53.73,"14:36:04,49.87,9,3,2"
703,688103,1,2,53.73,"14:36:07,49.50,33,10,1"
704,688103,1,2,53.73,"14:36:10,49.95,68,3,2"
705,688103,1,2,53.73,"14:36:37,49.94,5,2,1"
706,688103,1,2,53.73,"14:36:43,49.94,3,1,2"
707,688103,1,2,53.73,"14:36:49,49.94,3,1,2"
708,688103,1,2,53.73,"14:36:55,49.94,3,1,2"
709,688103,1,2,53.73,"14:37:01,49.94,3,1,2"
710,688103,1,2,53.73,"14:37:07,49.94,11,4,2"
711,688103,1,2,53.73,"14:37:16,49.93,3,1,2"
712,688103,1,2,53.73,"14:37:22,49.92,3,1,2"
713,688103,1,2,53.73,"14:37:28,49.92,2,1,2"
714,688103,1,2,53.73,"14:37:37,49.92,3,1,2"
715,688103,1,2,53.73,"14:37:43,49.92,2,1,2"
716,688103,1,2,53.73,"14:37:52,49.92,3,1,2"
717,688103,1,2,53.73,"14:37:55,49.92,3,1,2"
718,688103,1,2,53.73,"14:38:04,49.92,3,1,2"
719,688103,1,2,53.73,"14:38:07,49.91,16,4,1"
720,688103,1,2,53.73,"14:38:10,49.91,2,1,2"
721,688103,1,2,53.73,"14:38:19,49.90,3,1,2"
722,688103,1,2,53.73,"14:38:25,49.91,3,2,2"
723,688103,1,2,53.73,"14:38:31,49.91,5,2,2"
724,688103,1,2,53.73,"14:38:34,49.91,4,1,2"
725,688103,1,2,53.73,"14:38:40,49.92,45,5,2"
726,688103,1,2,53.73,"14:38:43,49.76,9,3,1"
727,688103,1,2,53.73,"14:38:49,49.93,5,3,2"
728,688103,1,2,53.73,"14:38:55,49.91,3,1,2"
729,688103,1,2,53.73,"14:39:01,49.91,3,1,2"
730,688103,1,2,53.73,"14:39:04,49.91,8,3,2"
731,688103,1,2,53.73,"14:39:07,49.99,34,4,2"
732,688103,1,2,53.73,"14:39:52,49.91,8,1,1"
733,688103,1,2,53.73,"14:40:22,49.97,12,3,2"
734,688103,1,2,53.73,"14:40:25,49.97,4,1,2"
735,688103,1,2,53.73,"14:40:49,49.97,21,4,2"
736,688103,1,2,53.73,"14:41:07,49.96,10,3,1"
737,688103,1,2,53.73,"14:41:37,49.90,4,2,1"
738,688103,1,2,53.73,"14:42:34,49.88,9,2,1"
739,688103,1,2,53.73,"14:42:37,49.87,4,1,2"
740,688103,1,2,53.73,"14:43:04,49.87,2,1,2"
741,688103,1,2,53.73,"14:43:46,49.90,71,7,2"
742,688103,1,2,53.73,"14:44:04,49.79,65,10,1"
743,688103,1,2,53.73,"14:44:07,49.78,4,2,2"
744,688103,1,2,53.73,"14:44:10,49.77,11,1,1"
745,688103,1,2,53.73,"14:44:34,49.77,3,1,1"
746,688103,1,2,53.73,"14:44:37,49.77,2,2,1"
747,688103,1,2,53.73,"14:44:52,49.52,91,8,1"
748,688103,1,2,53.73,"14:44:55,49.52,4,2,1"
749,688103,1,2,53.73,"14:45:01,49.52,4,2,2"
750,688103,1,2,53.73,"14:46:37,49.78,3,2,2"
751,688103,1,2,53.73,"14:46:40,49.97,4,1,2"
752,688103,1,2,53.73,"14:47:04,49.96,2,1,1"
753,688103,1,2,53.73,"14:47:34,49.99,2,2,2"
754,688103,1,2,53.73,"14:47:37,49.99,4,2,2"
755,688103,1,2,53.73,"14:47:43,49.96,2,1,1"
756,688103,1,2,53.73,"14:47:49,50.00,10,4,2"
757,688103,1,2,53.73,"14:47:52,49.96,1,1,1"
758,688103,1,2,53.73,"14:48:04,49.96,3,1,2"
759,688103,1,2,53.73,"14:48:43,49.82,6,2,1"
760,688103,1,2,53.73,"14:49:13,49.96,15,2,2"
761,688103,1,2,53.73,"14:49:19,49.96,2,1,2"
762,688103,1,2,53.73,"14:49:22,49.96,15,1,2"
763,688103,1,2,53.73,"14:50:07,49.81,7,4,1"
764,688103,1,2,53.73,"14:50:16,49.81,12,2,1"
765,688103,1,2,53.73,"14:50:19,49.81,2,1,2"
766,688103,1,2,53.73,"14:50:22,50.00,17,4,2"
767,688103,1,2,53.73,"14:50:25,50.00,3,1,2"
768,688103,1,2,53.73,"14:50:55,50.00,30,2,2"
769,688103,1,2,53.73,"14:51:01,50.00,2,1,2"
770,688103,1,2,53.73,"14:51:04,50.17,10,3,2"
771,688103,1,2,53.73,"14:51:16,50.34,5,3,2"
772,688103,1,2,53.73,"14:51:34,50.34,6,2,2"
773,688103,1,2,53.73,"14:52:07,50.34,12,4,2"
774,688103,1,2,53.73,"14:52:10,50.34,2,1,2"
775,688103,1,2,53.73,"14:52:37,50.32,12,1,2"
776,688103,1,2,53.73,"14:53:04,50.01,4,2,1"
777,688103,1,2,53.73,"14:53:16,50.00,10,3,1"
778,688103,1,2,53.73,"14:53:19,50.00,1,1,1"
779,688103,1,2,53.73,"14:53:52,50.00,18,5,2"
780,688103,1,2,53.73,"14:53:58,50.00,2,1,2"
781,688103,1,2,53.73,"14:54:10,50.00,43,10,2"
782,688103,1,2,53.73,"14:54:16,49.96,2,1,2"
783,688103,1,2,53.73,"14:54:34,49.83,9,3,1"
784,688103,1,2,53.73,"14:54:40,49.82,5,1,1"
785,688103,1,2,53.73,"14:54:43,49.77,6,2,1"
786,688103,1,2,53.73,"14:54:58,49.77,16,1,1"
787,688103,1,2,53.73,"14:55:01,49.82,6,2,2"
788,688103,1,2,53.73,"14:55:07,49.77,2,1,1"
789,688103,1,2,53.73,"14:55:13,49.77,19,3,1"
790,688103,1,2,53.73,"14:55:22,49.82,3,2,2"
791,688103,1,2,53.73,"14:55:43,49.82,5,2,2"
792,688103,1,2,53.73,"14:55:49,49.82,34,3,2"
793,688103,1,2,53.73,"14:55:52,49.82,2,1,2"
794,688103,1,2,53.73,"14:55:58,49.82,20,3,2"
795,688103,1,2,53.73,"14:56:01,49.99,2,2,2"
796,688103,1,2,53.73,"14:56:19,50.26,7,2,2"
797,688103,1,2,53.73,"15:00:05,50.18,16,8,1"
